Price,Close,High,Low,Open,Volume
Ticker,^GSPC,^GSPC,^GSPC,^GSPC,^GSPC
Date,,,,,
2005-01-01,1186.18994140625,1217.800048828125,1182.1600341796875,1211.9200439453125,8017700000
2005-01-08,1184.52001953125,1194.780029296875,1175.6400146484375,1186.18994140625,7387000000
2005-01-15,1167.8699951171875,1195.97998046875,1167.8199462890625,1184.52001953125,6431000000
2005-01-22,1171.3599853515625,1177.5,1163.75,1167.8699951171875,7983300000
2005-01-29,1203.030029296875,1203.469970703125,1171.3599853515625,1171.3599853515625,8126140000
2005-02-05,1205.300048828125,1208.3800048828125,1191.5400390625,1203.030029296875,7328450000
2005-02-12,1201.5899658203125,1212.43994140625,1197.3499755859375,1205.300048828125,7438680000
2005-02-19,1211.3699951171875,1212.1500244140625,1184.1600341796875,1201.5899658203125,6288460000
2005-02-26,1222.1199951171875,1224.760009765625,1198.1300048828125,1211.3699951171875,8325140000
2005-03-05,1200.0799560546875,1229.1099853515625,1198.1500244140625,1222.1199951171875,7770730000
2005-03-12,1189.6500244140625,1210.5400390625,1182.780029296875,1200.0799560546875,8530450000
2005-03-19,1171.4200439453125,1189.6500244140625,1168.699951171875,1189.6500244140625,7902500000
2005-03-26,1172.9200439453125,1189.800048828125,1163.68994140625,1171.4200439453125,10449500000
2005-04-02,1181.199951171875,1191.8800048828125,1167.719970703125,1172.7900390625,9309920000
2005-04-09,1142.6199951171875,1190.1700439453125,1141.9200439453125,1181.199951171875,10599880000
2005-04-16,1152.1199951171875,1159.949951171875,1136.1500244140625,1142.6199951171875,10894860000
2005-04-23,1156.8499755859375,1164.800048828125,1139.18994140625,1152.1199951171875,10450920000
2005-04-30,1171.3499755859375,1178.6199951171875,1154.7099609375,1156.8499755859375,10157840000
2005-05-07,1154.050048828125,1178.8699951171875,1146.1800537109375,1171.3499755859375,9765530000
2005-05-14,1189.280029296875,1191.219970703125,1153.6400146484375,1154.050048828125,9418050000
2005-05-21,1198.780029296875,1199.56005859375,1185.9599609375,1189.280029296875,8139890000
2005-05-28,1196.02001953125,1205.6400146484375,1191.030029296875,1198.780029296875,7092090000
2005-06-04,1198.1099853515625,1208.8499755859375,1191.0899658203125,1196.02001953125,8602280000
2005-06-11,1216.9599609375,1219.550048828125,1194.510009765625,1198.1099853515625,9383350000
2005-06-18,1191.5699462890625,1219.5899658203125,1191.449951171875,1216.9599609375,9707200000
2005-06-25,1194.43994140625,1204.0699462890625,1188.300048828125,1191.5699462890625,8983620000
2005-07-02,1211.8599853515625,1212.72998046875,1183.550048828125,1194.43994140625,7542540000
2005-07-09,1227.9200439453125,1233.1600341796875,1211.8599853515625,1211.8599853515625,9355920000
2005-07-16,1233.6800537109375,1236.56005859375,1221.1300048828125,1227.9200439453125,9583550000
2005-07-23,1234.1800537109375,1245.1500244140625,1228.1500244140625,1233.6800537109375,9388840000
2005-07-30,1226.4200439453125,1245.8599853515625,1225.6199951171875,1234.1800537109375,9671470000
2005-08-06,1230.3900146484375,1242.68994140625,1222.6700439453125,1226.4200439453125,9524840000
2005-08-13,1219.7099609375,1236.239990234375,1215.9300537109375,1230.4000244140625,8609400000
2005-08-20,1205.0999755859375,1228.9599609375,1204.22998046875,1219.7099609375,8342950000
2005-08-27,1218.02001953125,1227.2900390625,1201.0699462890625,1205.0999755859375,9751450000
2005-09-03,1241.47998046875,1243.1300048828125,1218.02001953125,1218.02001953125,7947730000
2005-09-10,1237.9100341796875,1242.5999755859375,1224.8499755859375,1241.47998046875,11238970000
2005-09-17,1215.2900390625,1237.9100341796875,1205.3499755859375,1237.9100341796875,11341680000
2005-09-24,1228.81005859375,1229.5699462890625,1211.1099853515625,1215.2900390625,10379110000
2005-10-01,1195.9000244140625,1233.3399658203125,1181.9200439453125,1228.81005859375,11903800000
2005-10-08,1186.5699462890625,1196.52001953125,1168.199951171875,1195.9000244140625,11526400000
2005-10-15,1179.5899658203125,1197.300048828125,1170.550048828125,1186.5699462890625,12043340000
2005-10-22,1198.4100341796875,1204.010009765625,1178.8900146484375,1179.5899658203125,11752780000
2005-10-29,1220.1400146484375,1224.699951171875,1198.4100341796875,1198.4100341796875,12440550000
2005-11-05,1234.719970703125,1235.699951171875,1215.050048828125,1220.1400146484375,10318690000
2005-11-12,1248.27001953125,1249.5799560546875,1226.4100341796875,1234.719970703125,11132060000
2005-11-19,1268.25,1270.6400146484375,1246.9000244140625,1248.27001953125,7119110000
2005-11-26,1265.0799560546875,1268.43994140625,1249.3900146484375,1268.25,11400340000
2005-12-03,1259.3699951171875,1272.8900146484375,1250.9100341796875,1265.0799560546875,10605000000
2005-12-10,1267.3199462890625,1275.800048828125,1255.52001953125,1259.3699951171875,11176870000
2005-12-17,1268.6600341796875,1270.510009765625,1257.2099609375,1267.3199462890625,9444980000
2005-12-24,1248.2900390625,1271.8299560546875,1246.5899658203125,1268.6600341796875,5788870000
2005-12-31,1285.449951171875,1286.0899658203125,1245.739990234375,1248.2900390625,9949800000
2006-01-07,1287.6099853515625,1294.9000244140625,1282.780029296875,1285.449951171875,11605560000
2006-01-14,1261.489990234375,1287.7900390625,1260.9200439453125,1287.6099853515625,9703000000
2006-01-21,1283.719970703125,1286.3800048828125,1259.4200439453125,1261.489990234375,12962250000
2006-01-28,1264.030029296875,1287.93994140625,1261.02001953125,1283.719970703125,12427960000
2006-02-04,1266.989990234375,1274.56005859375,1253.6099853515625,1264.030029296875,11687560000
2006-02-11,1287.239990234375,1289.469970703125,1258.3399658203125,1266.989990234375,10985360000
2006-02-18,1289.4300537109375,1294.1700439453125,1281.3299560546875,1287.239990234375,8403920000
2006-02-25,1287.22998046875,1297.5699462890625,1278.6600341796875,1289.4300537109375,11302040000
2006-03-04,1281.4200439453125,1288.22998046875,1268.4200439453125,1287.22998046875,11254670000
2006-03-11,1307.25,1310.449951171875,1281.5799560546875,1281.5799560546875,11370400000
2006-03-18,1302.949951171875,1310.8800048828125,1295.81005859375,1307.25,10471020000
2006-03-25,1294.8699951171875,1310.1500244140625,1291.8399658203125,1302.949951171875,10853090000
2006-04-01,1295.5,1314.0699462890625,1294.1800537109375,1302.8800048828125,11425910000
2006-04-08,1289.1199951171875,1300.739990234375,1282.9599609375,1295.510009765625,7961240000
2006-04-15,1311.280029296875,1318.1600341796875,1280.739990234375,1289.1199951171875,11742950000
2006-04-22,1310.6099853515625,1316.0400390625,1295.5699462890625,1311.280029296875,12178330000
2006-04-29,1325.760009765625,1326.530029296875,1303.4599609375,1310.6099853515625,11961950000
2006-05-06,1291.239990234375,1326.699951171875,1290.3800048828125,1325.760009765625,11676630000
2006-05-13,1267.030029296875,1297.8800048828125,1256.280029296875,1291.18994140625,13241860000
2006-05-20,1280.1600341796875,1280.5400390625,1245.3399658203125,1267.030029296875,12564040000
2006-05-27,1288.219970703125,1290.6800537109375,1259.3800048828125,1280.0400390625,9524050000
2006-06-03,1252.300048828125,1288.1600341796875,1235.1800537109375,1288.1600341796875,13413080000
2006-06-10,1251.5400390625,1258.6400146484375,1219.2900390625,1252.27001953125,13689640000
2006-06-17,1244.5,1257.9599609375,1237.1700439453125,1251.5400390625,11276830000
2006-06-24,1270.199951171875,1276.300048828125,1237.5899658203125,1244.5,11838010000
2006-07-01,1265.47998046875,1280.3800048828125,1263.1300048828125,1270.06005859375,7276850000
2006-07-08,1236.199951171875,1274.06005859375,1228.449951171875,1265.4599609375,11428770000
2006-07-15,1240.2900390625,1262.56005859375,1224.5400390625,1236.199951171875,12379810000
2006-07-22,1278.550048828125,1280.4200439453125,1240.25,1240.25,12801490000
2006-07-29,1279.3599853515625,1292.9200439453125,1265.7099609375,1278.530029296875,12859150000
2006-08-05,1266.739990234375,1283.739990234375,1261.300048828125,1279.31005859375,11465410000
2006-08-12,1302.300048828125,1302.300048828125,1266.6700439453125,1266.6700439453125,11498940000
2006-08-19,1295.0899658203125,1302.489990234375,1289.8199462890625,1302.300048828125,9159550000
2006-08-26,1311.010009765625,1312.030029296875,1293.969970703125,1295.0899658203125,9764390000
2006-09-02,1298.9200439453125,1314.6700439453125,1292.1300048828125,1310.93994140625,8903090000
2006-09-09,1319.6600341796875,1324.6500244140625,1290.9300537109375,1298.8599853515625,13444480000
2006-09-16,1314.780029296875,1328.530029296875,1310.93994140625,1319.8499755859375,12049320000
2006-09-23,1335.8499755859375,1340.280029296875,1311.5799560546875,1314.780029296875,12804030000
2006-09-30,1349.5899658203125,1353.7900390625,1327.0999755859375,1335.8199462890625,13197290000
2006-10-07,1365.6199951171875,1366.6300048828125,1343.5699462890625,1349.5799560546875,11829580000
2006-10-14,1368.5999755859375,1372.8699951171875,1356.8699951171875,1365.6099853515625,12630620000
2006-10-21,1377.3399658203125,1389.449951171875,1363.93994140625,1368.5799560546875,13562660000
2006-10-28,1364.300048828125,1381.949951171875,1360.97998046875,1377.300048828125,13460540000
2006-11-04,1380.9000244140625,1388.9200439453125,1364.27001953125,1364.27001953125,13287010000
2006-11-11,1401.199951171875,1403.760009765625,1378.800048828125,1380.5799560546875,13806780000
2006-11-18,1400.949951171875,1407.8900146484375,1397.8499755859375,1401.1700439453125,8214910000
2006-11-25,1396.7099609375,1406.300048828125,1377.8299560546875,1400.949951171875,14949140000
2006-12-02,1409.8399658203125,1418.27001953125,1396.6700439453125,1396.6700439453125,13430910000
2006-12-09,1427.0899658203125,1431.6300048828125,1404.75,1409.81005859375,13539610000
2006-12-16,1410.760009765625,1431.81005859375,1410.280029296875,1427.0799560546875,11642830000
2006-12-23,1418.300048828125,1427.719970703125,1410.449951171875,1410.75,6164450000
2006-12-30,1409.7099609375,1429.4200439453125,1405.75,1418.030029296875,9353020000
2007-01-06,1430.72998046875,1431.22998046875,1403.969970703125,1409.260009765625,14110730000
2007-01-13,1430.5,1435.27001953125,1424.2099609375,1430.72998046875,10889710000
2007-01-20,1422.1800537109375,1440.68994140625,1416.9599609375,1430.469970703125,13919320000
2007-01-27,1448.3900146484375,1449.3299560546875,1418.4599609375,1422.030029296875,13897760000
2007-02-03,1438.06005859375,1452.989990234375,1433.43994140625,1448.3299560546875,13434950000
2007-02-10,1455.5400390625,1457.969970703125,1431.43994140625,1438.0,12637490000
2007-02-17,1451.18994140625,1461.5699462890625,1448.3599853515625,1455.530029296875,9475560000
2007-02-24,1387.1700439453125,1456.949951171875,1380.8699951171875,1451.0400390625,17999820000
2007-03-03,1402.8399658203125,1410.1500244140625,1373.969970703125,1387.1099853515625,15617930000
2007-03-10,1386.949951171875,1409.3399658203125,1363.97998046875,1402.800048828125,16123460000
2007-03-17,1436.1099853515625,1438.8900146484375,1386.949951171875,1386.949951171875,14506880000
2007-03-24,1420.8599853515625,1437.6500244140625,1408.9000244140625,1436.1099853515625,14186810000
2007-03-31,1443.760009765625,1444.8800048828125,1416.3699951171875,1420.8299560546875,10771190000
2007-04-07,1452.8499755859375,1453.1099853515625,1433.9100341796875,1443.77001953125,13270300000
2007-04-14,1484.3499755859375,1484.739990234375,1452.8399658203125,1452.8399658203125,15005590000
2007-04-21,1494.0699462890625,1498.02001953125,1473.739990234375,1484.3299560546875,14891970000
2007-04-28,1505.6199951171875,1510.3399658203125,1476.699951171875,1494.0699462890625,15453470000
2007-05-05,1505.8499755859375,1513.800048828125,1491.4200439453125,1505.5699462890625,14028380000
2007-05-12,1522.75,1522.75,1498.3399658203125,1505.760009765625,14590190000
2007-05-19,1515.72998046875,1532.4300537109375,1505.1800537109375,1522.75,15091900000
2007-05-26,1536.3399658203125,1540.56005859375,1510.06005859375,1515.550048828125,11814550000
2007-06-02,1507.6700439453125,1540.530029296875,1487.4100341796875,1536.280029296875,15174500000
2007-06-09,1532.9100341796875,1538.7099609375,1492.6500244140625,1507.6400146484375,14879070000
2007-06-16,1502.56005859375,1537.3199462890625,1500.739990234375,1532.9000244140625,16086160000
2007-06-23,1503.3499755859375,1517.530029296875,1484.1800537109375,1502.56005859375,16256050000
2007-06-30,1530.43994140625,1532.4000244140625,1504.6600341796875,1504.6600341796875,9274250000
2007-07-07,1552.5,1555.0999755859375,1506.0999755859375,1530.4300537109375,15333250000
2007-07-14,1534.0999755859375,1555.9000244140625,1529.199951171875,1552.5,16317700000
2007-07-21,1458.949951171875,1547.22998046875,1458.949951171875,1534.06005859375,20758930000
2007-07-28,1433.06005859375,1488.300048828125,1432.800048828125,1458.9300537109375,22551040000
2007-08-04,1453.6400146484375,1503.8900146484375,1427.3900146484375,1433.0400390625,26711530000
2007-08-11,1445.93994140625,1466.2900390625,1370.5999755859375,1453.4200439453125,21881180000
2007-08-18,1479.3699951171875,1479.4000244140625,1430.5400390625,1445.93994140625,15268400000
2007-08-25,1473.989990234375,1481.469970703125,1432.010009765625,1479.3599853515625,13622910000
2007-09-01,1453.550048828125,1496.4000244140625,1449.0699462890625,1473.9599609375,11408870000
2007-09-08,1484.25,1489.5799560546875,1439.2900390625,1453.5,14255590000
2007-09-15,1525.75,1538.739990234375,1471.8199462890625,1484.239990234375,16791240000
2007-09-22,1526.75,1533.739990234375,1507.1300048828125,1525.75,15354000000
2007-09-29,1557.5899658203125,1561.9100341796875,1527.25,1527.2900390625,15058680000
2007-10-06,1561.800048828125,1576.0899658203125,1546.719970703125,1556.510009765625,14717400000
2007-10-13,1500.6300048828125,1564.739990234375,1500.260009765625,1562.25,17376100000
2007-10-20,1535.280029296875,1535.530029296875,1489.56005859375,1497.7900390625,18580330000
2007-10-27,1509.6500244140625,1552.760009765625,1492.530029296875,1536.9200439453125,18817530000
2007-11-03,1453.699951171875,1520.77001953125,1448.510009765625,1505.6099853515625,22078420000
2007-11-10,1458.739990234375,1492.1400146484375,1438.530029296875,1453.6600341796875,20475180000
2007-11-17,1440.699951171875,1456.699951171875,1415.6400146484375,1456.699951171875,14683750000
2007-11-24,1481.1400146484375,1488.93994140625,1406.0999755859375,1440.739990234375,20482140000
2007-12-01,1504.6600341796875,1510.6300048828125,1460.6600341796875,1479.6300048828125,17076810000
2007-12-08,1467.949951171875,1523.5699462890625,1467.780029296875,1505.1099853515625,18510280000
2007-12-15,1484.4599609375,1485.4000244140625,1435.6500244140625,1465.050048828125,18729500000
2007-12-22,1478.489990234375,1498.8499755859375,1471.699951171875,1484.550048828125,8064200000
2007-12-29,1411.6300048828125,1475.8299560546875,1411.18994140625,1475.25,13489030000
2008-01-05,1401.02001953125,1430.280029296875,1378.699951171875,1414.0699462890625,23944010000
2008-01-12,1325.18994140625,1417.8900146484375,1312.510009765625,1402.9100341796875,25032320000
2008-01-19,1330.6099853515625,1368.56005859375,1270.050048828125,1312.93994140625,20403920000
2008-01-26,1395.4200439453125,1396.02001953125,1322.260009765625,1330.699951171875,22697710000
2008-02-02,1331.2900390625,1395.3800048828125,1316.75,1395.3800048828125,20177290000
2008-02-09,1349.989990234375,1369.22998046875,1320.3199462890625,1331.9200439453125,18722260000
2008-02-16,1353.1099853515625,1367.93994140625,1327.0400390625,1355.8599853515625,14753390000
2008-02-23,1330.6300048828125,1388.3399658203125,1325.4200439453125,1352.75,20232420000
2008-03-01,1293.3699951171875,1344.18994140625,1282.4300537109375,1330.449951171875,22041330000
2008-03-08,1288.1400146484375,1333.260009765625,1272.6600341796875,1293.1600341796875,24011740000
2008-03-15,1329.510009765625,1341.510009765625,1256.97998046875,1283.2099609375,22522410000
2008-03-22,1315.219970703125,1359.6800537109375,1312.949951171875,1330.2900390625,20424700000
2008-03-29,1370.4000244140625,1380.9100341796875,1312.81005859375,1315.9200439453125,20877750000
2008-04-05,1332.8299560546875,1386.739990234375,1331.2099609375,1373.68994140625,18316890000
2008-04-12,1390.3299560546875,1395.9000244140625,1324.3499755859375,1332.199951171875,19342880000
2008-04-19,1397.8399658203125,1399.1099853515625,1369.8399658203125,1387.719970703125,19698890000
2008-04-26,1413.9000244140625,1422.719970703125,1383.0699462890625,1397.9599609375,20333020000
2008-05-03,1388.280029296875,1421.5699462890625,1384.1099853515625,1415.3399658203125,18756220000
2008-05-10,1425.3499755859375,1425.8199462890625,1386.199951171875,1389.4000244140625,19047660000
2008-05-17,1375.9300537109375,1440.239990234375,1373.719970703125,1425.280029296875,19528620000
2008-05-24,1400.3800048828125,1406.3199462890625,1373.0699462890625,1375.969970703125,15256170000
2008-05-31,1360.6800537109375,1404.050048828125,1359.9000244140625,1399.6199951171875,21571790000
2008-06-07,1360.030029296875,1370.6300048828125,1331.2900390625,1360.8299560546875,22634280000
2008-06-14,1317.9300537109375,1366.5899658203125,1314.4599609375,1358.8499755859375,22219040000
2008-06-21,1278.3800048828125,1335.6300048828125,1272.0,1319.77001953125,25156600000
2008-06-28,1262.9000244140625,1292.1700439453125,1252.010009765625,1278.06005859375,19402300000
2008-07-05,1239.489990234375,1277.3599853515625,1225.3499755859375,1262.9000244140625,29063160000
2008-07-12,1260.6800537109375,1262.31005859375,1200.43994140625,1241.6099853515625,32555620000
2008-07-19,1257.760009765625,1291.1700439453125,1248.8299560546875,1261.8199462890625,28317240000
2008-07-26,1260.31005859375,1284.9300537109375,1234.3699951171875,1257.760009765625,25359450000
2008-08-02,1296.3199462890625,1297.8499755859375,1247.449951171875,1253.27001953125,20941200000
2008-08-09,1298.199951171875,1313.1500244140625,1274.8599853515625,1294.4200439453125,22672020000
2008-08-16,1292.199951171875,1300.219970703125,1261.1600341796875,1298.1400146484375,20317740000
2008-08-23,1282.8299560546875,1300.6800537109375,1263.2099609375,1290.469970703125,17650180000
2008-08-30,1242.31005859375,1303.0400390625,1217.22998046875,1287.8299560546875,20070120000
2008-09-06,1251.699951171875,1274.4200439453125,1211.5400390625,1249.5,34417920000
2008-09-13,1255.0799560546875,1265.1199951171875,1133.5,1250.9200439453125,46641070000
2008-09-20,1213.27001953125,1255.3699951171875,1179.7900390625,1255.3699951171875,26635470000
2008-09-27,1099.22998046875,1209.0699462890625,1098.1400146484375,1209.0699462890625,31026630000
2008-10-04,899.219970703125,1097.56005859375,839.7999877929688,1097.56005859375,42016790000
2008-10-11,940.5499877929688,1044.31005859375,865.8300170898438,912.75,36533970000
2008-10-18,876.77001953125,985.4400024414062,852.8499755859375,943.510009765625,30185400000
2008-10-25,968.75,984.3800048828125,845.27001953125,874.280029296875,32302980000
2008-11-01,930.989990234375,1007.510009765625,899.72998046875,968.6699829101562,26484080000
2008-11-08,873.2899780273438,951.9500122070312,818.6900024414062,936.75,29064670000
2008-11-15,800.030029296875,882.2899780273438,741.02001953125,873.22998046875,36745200000
2008-11-22,896.239990234375,896.25,801.2000122070312,801.2000122070312,23366260000
2008-11-29,876.0700073242188,888.6099853515625,815.6900024414062,888.6099853515625,30469750000
2008-12-06,879.72998046875,918.5700073242188,851.3499755859375,882.7100219726562,29662270000
2008-12-13,887.8800048828125,918.8499755859375,857.719970703125,881.0700073242188,29279860000
2008-12-20,872.7999877929688,887.3699951171875,857.0900268554688,887.2000122070312,12348420000
2008-12-27,931.7999877929688,934.72998046875,857.0700073242188,872.3699951171875,15172440000
2009-01-03,890.3499755859375,943.8499755859375,888.3099975585938,929.1699829101562,25219520000
2009-01-10,850.1199951171875,890.4000244140625,817.0399780273438,890.4000244140625,30293780000
2009-01-17,831.9500122070312,849.6400146484375,804.2999877929688,849.6400146484375,24519050000
2009-01-24,825.8800048828125,877.8599853515625,821.6699829101562,832.5,28010020000
2009-01-31,868.5999755859375,870.75,812.8699951171875,823.0900268554688,31088160000
2009-02-07,826.8400268554688,875.010009765625,808.0599975585938,868.239990234375,30044110000
2009-02-14,770.0499877929688,818.6099853515625,754.25,818.6099853515625,25606060000
2009-02-21,735.0900268554688,780.1199951171875,734.52001953125,773.25,37753880000
2009-02-28,683.3800048828125,729.5700073242188,666.7899780273438,729.5700073242188,37964220000
2009-03-07,756.5499877929688,758.2899780273438,672.8800048828125,680.760009765625,37297180000
2009-03-14,768.5399780273438,803.239990234375,749.9299926757812,758.8400268554688,39816380000
2009-03-21,815.9400024414062,832.97998046875,772.3099975585938,772.3099975585938,34764100000
2009-03-28,842.5,845.6099853515625,779.8099975585938,809.0700073242188,31434350000
2009-04-04,856.5599975585938,856.9099731445312,814.530029296875,839.75,24904750000
2009-04-11,869.5999755859375,875.6300048828125,835.5800170898438,855.3300170898438,34196510000
2009-04-18,866.22998046875,871.7999877929688,826.8300170898438,868.27001953125,35415850000
2009-04-25,877.52001953125,888.7000122070312,847.1199951171875,862.8200073242188,30217790000
2009-05-02,929.22998046875,930.1699829101562,879.2100219726562,879.2100219726562,39760120000
2009-05-09,882.8800048828125,922.989990234375,878.9400024414062,922.989990234375,31688760000
2009-05-16,887.0,924.5999755859375,879.6099853515625,886.0700073242188,31698640000
2009-05-23,919.1400146484375,920.02001953125,881.4600219726562,887.0,23155250000
2009-05-30,940.0900268554688,951.6900024414062,923.260009765625,923.260009765625,28312350000
2009-06-06,946.2100219726562,956.22998046875,926.4400024414062,938.1199951171875,24331760000
2009-06-13,921.22998046875,942.4500122070312,903.780029296875,942.4500122070312,25570130000
2009-06-20,918.9000244140625,922.0,888.8599853515625,918.1300048828125,25599580000
2009-06-27,896.4199829101562,931.9199829101562,896.4199829101562,919.8599853515625,16689730000
2009-07-04,879.1300048828125,898.719970703125,869.3200073242188,894.27001953125,23366910000
2009-07-11,940.3800048828125,943.9600219726562,875.3200073242188,879.5700073242188,23927320000
2009-07-18,979.260009765625,979.7899780273438,940.989990234375,942.0700073242188,25016500000
2009-07-25,987.47998046875,996.6799926757812,968.6500244140625,978.6300048828125,26474660000
2009-08-01,1010.47998046875,1018.0,990.219970703125,990.219970703125,32139730000
2009-08-08,1004.0900268554688,1013.1400146484375,992.4000244140625,1008.8900146484375,26868820000
2009-08-15,1026.1300048828125,1027.5899658203125,978.510009765625,998.1799926757812,23323250000
2009-08-22,1028.9300537109375,1039.469970703125,1016.2000122070312,1026.5899658203125,28722910000
2009-08-29,1016.4000244140625,1028.449951171875,991.969970703125,1025.2099609375,26431300000
2009-09-05,1042.72998046875,1048.1800537109375,1018.6699829101562,1018.6699829101562,20551690000
2009-09-12,1068.300048828125,1074.77001953125,1035.0,1040.1500244140625,30234840000
2009-09-19,1044.3800048828125,1080.1500244140625,1041.1700439453125,1067.1400146484375,25406510000
2009-09-26,1025.2099609375,1069.6199951171875,1019.9500122070312,1045.3800048828125,26050400000
2009-10-03,1071.489990234375,1071.510009765625,1025.9200439453125,1026.8699951171875,22333550000
2009-10-10,1087.6800537109375,1096.56005859375,1066.7099609375,1071.6300048828125,23701850000
2009-10-17,1079.5999755859375,1101.3599853515625,1074.31005859375,1088.219970703125,25592330000
2009-10-24,1036.18994140625,1091.75,1033.3800048828125,1080.3599853515625,30408570000
2009-10-31,1069.300048828125,1071.47998046875,1029.3800048828125,1036.1800537109375,26451130000
2009-11-07,1093.47998046875,1105.3699951171875,1072.31005859375,1072.31005859375,21094360000
2009-11-14,1091.3800048828125,1113.68994140625,1086.81005859375,1094.1300048828125,20612520000
2009-11-21,1091.489990234375,1112.3800048828125,1083.739990234375,1094.8599853515625,12928000000
2009-11-28,1105.97998046875,1119.1300048828125,1086.25,1091.0699462890625,22677340000
2009-12-05,1106.4100341796875,1110.719970703125,1085.8900146484375,1105.52001953125,20754380000
2009-12-12,1102.469970703125,1116.2099609375,1093.8800048828125,1107.8399658203125,28364370000
2009-12-19,1126.47998046875,1126.47998046875,1105.31005859375,1105.31005859375,12053050000
2009-12-26,1115.0999755859375,1130.3800048828125,1114.81005859375,1127.530029296875,9561710000
2010-01-02,1144.97998046875,1145.3900146484375,1116.56005859375,1116.56005859375,21115350000
2010-01-09,1136.030029296875,1150.4100341796875,1131.3900146484375,1145.9599609375,21816230000
2010-01-16,1091.760009765625,1150.449951171875,1090.1800537109375,1136.030029296875,22618330000
2010-01-23,1073.8699951171875,1103.68994140625,1071.5899658203125,1092.4000244140625,25397670000
2010-01-30,1066.18994140625,1104.72998046875,1044.5,1073.8900146484375,25411190000
2010-02-06,1075.510009765625,1080.0400390625,1056.510009765625,1065.510009765625,22017080000
2010-02-13,1109.1700439453125,1112.4200439453125,1079.1300048828125,1079.1300048828125,16162900000
2010-02-20,1104.489990234375,1112.2900390625,1086.02001953125,1110.0,20970170000
2010-02-27,1138.699951171875,1139.3800048828125,1105.3599853515625,1105.3599853515625,20011650000
2010-03-06,1149.989990234375,1153.4100341796875,1134.9000244140625,1138.4000244140625,24026590000
2010-03-13,1159.9000244140625,1169.8399658203125,1141.449951171875,1148.530029296875,22944000000
2010-03-20,1166.5899658203125,1180.68994140625,1152.8800048828125,1157.25,23756390000
2010-03-27,1178.0999755859375,1181.4300537109375,1165.77001953125,1167.7099609375,16951790000
2010-04-03,1194.3699951171875,1194.6600341796875,1175.1199951171875,1178.7099609375,22307770000
2010-04-10,1192.1300048828125,1213.9200439453125,1186.77001953125,1194.93994140625,29874510000
2010-04-17,1217.280029296875,1217.280029296875,1183.6800537109375,1192.06005859375,29000480000
2010-04-24,1186.68994140625,1219.800048828125,1181.6199951171875,1217.0699462890625,31552280000
2010-05-01,1110.8800048828125,1205.1300048828125,1065.7900390625,1188.5799560546875,38419430000
2010-05-08,1135.6800537109375,1173.5699462890625,1122.27001953125,1122.27001953125,28958750000
2010-05-15,1087.68994140625,1148.6600341796875,1055.9000244140625,1136.52001953125,32640260000
2010-05-22,1089.4100341796875,1103.52001953125,1040.780029296875,1084.780029296875,27644340000
2010-05-29,1064.8800048828125,1105.6700439453125,1060.5,1087.300048828125,21474390000
2010-06-05,1091.5999755859375,1092.25,1042.1700439453125,1065.8399658203125,26847570000
2010-06-12,1117.510009765625,1121.010009765625,1089.030029296875,1095.0,23186040000
2010-06-19,1076.760009765625,1131.22998046875,1067.8900146484375,1122.7900390625,23498560000
2010-06-26,1022.5800170898438,1082.5999755859375,1010.9099731445312,1077.5,25504460000
2010-07-03,1077.9599609375,1078.1600341796875,1018.3499755859375,1028.0899658203125,17677490000
2010-07-10,1064.8800048828125,1099.4599609375,1063.3199462890625,1077.22998046875,22438320000
2010-07-17,1102.6600341796875,1103.72998046875,1056.8800048828125,1066.8499755859375,22901430000
2010-07-24,1101.5999755859375,1120.949951171875,1088.010009765625,1102.8900146484375,21356600000
2010-07-31,1121.6400146484375,1128.75,1107.1700439453125,1107.530029296875,19817300000
2010-08-07,1079.25,1129.239990234375,1076.68994140625,1122.800048828125,20320520000
2010-08-14,1071.68994140625,1100.1400146484375,1063.9100341796875,1077.489990234375,18887030000
2010-08-21,1064.5899658203125,1081.5799560546875,1039.699951171875,1073.3599853515625,19756640000
2010-08-28,1104.510009765625,1105.0999755859375,1040.8800048828125,1062.9000244140625,18592350000
2010-09-04,1109.550048828125,1110.8800048828125,1091.1500244140625,1102.5999755859375,12780950000
2010-09-11,1125.5899658203125,1131.469970703125,1113.3800048828125,1113.3800048828125,19862160000
2010-09-18,1148.6700439453125,1148.9000244140625,1122.7900390625,1126.5699462890625,19422610000
2010-09-25,1146.239990234375,1157.1600341796875,1132.0899658203125,1148.6400146484375,20187050000
2010-10-02,1165.1500244140625,1167.72998046875,1131.8699951171875,1144.9599609375,19528080000
2010-10-09,1176.18994140625,1184.3800048828125,1155.7099609375,1165.3199462890625,22245800000
2010-10-16,1183.0799560546875,1189.4300537109375,1159.7099609375,1176.8299560546875,22881410000
2010-10-23,1183.260009765625,1196.1400146484375,1171.699951171875,1184.739990234375,20582070000
2010-10-30,1225.8499755859375,1227.0799560546875,1177.6500244140625,1185.7099609375,23993790000
2010-11-06,1199.2099609375,1226.8399658203125,1194.0799560546875,1223.239990234375,21491310000
2010-11-13,1199.72998046875,1207.4300537109375,1173.0,1200.43994140625,20887180000
2010-11-20,1189.4000244140625,1198.93994140625,1176.9100341796875,1198.0699462890625,12820640000
2010-11-27,1224.7099609375,1225.5699462890625,1173.6400146484375,1189.0799560546875,21212840000
2010-12-04,1240.4000244140625,1240.4000244140625,1219.5,1223.8699951171875,24175410000
2010-12-11,1243.9100341796875,1246.72998046875,1232.8499755859375,1242.52001953125,22270220000
2010-12-18,1256.77001953125,1259.3900146484375,1241.510009765625,1245.760009765625,10828420000
2010-12-25,1257.6400146484375,1262.5999755859375,1251.47998046875,1254.6600341796875,10455790000
2011-01-01,1271.5,1278.1700439453125,1257.6199951171875,1257.6199951171875,23655220000
2011-01-08,1293.239990234375,1293.239990234375,1262.1800537109375,1270.8399658203125,21286570000
2011-01-15,1283.3499755859375,1296.06005859375,1271.260009765625,1293.219970703125,19899340000
2011-01-22,1276.3399658203125,1302.6700439453125,1275.0999755859375,1283.2900390625,23156650000
2011-01-29,1310.8699951171875,1311.0,1276.5,1276.5,21726860000
2011-02-05,1329.1500244140625,1330.7900390625,1311.739990234375,1311.8499755859375,20109950000
2011-02-12,1343.010009765625,1344.0699462890625,1324.6099853515625,1328.72998046875,12589110000
2011-02-19,1319.8800048828125,1338.9100341796875,1294.260009765625,1338.9100341796875,7712050000
2011-02-26,1321.1500244140625,1332.280029296875,1302.5799560546875,1321.6099853515625,12022480000
2011-03-05,1304.280029296875,1327.6800537109375,1291.989990234375,1322.719970703125,20669090000
2011-03-12,1279.2099609375,1301.18994140625,1249.050048828125,1301.18994140625,23905220000
2011-03-19,1313.800048828125,1319.1800537109375,1281.6500244140625,1281.6500244140625,20090110000
2011-03-26,1332.4100341796875,1337.8499755859375,1305.260009765625,1315.449951171875,18297330000
2011-04-02,1328.1700439453125,1339.4599609375,1322.93994140625,1333.56005859375,19888170000
2011-04-09,1319.6800537109375,1333.77001953125,1302.4200439453125,1329.010009765625,19701690000
2011-04-16,1337.3800048828125,1337.489990234375,1294.699951171875,1313.3499755859375,15933560000
2011-04-23,1363.6099853515625,1364.56005859375,1331.469970703125,1337.1400146484375,17617650000
2011-04-30,1340.199951171875,1370.5799560546875,1329.1700439453125,1365.2099609375,20363720000
2011-05-07,1337.77001953125,1359.43994140625,1332.030029296875,1340.199951171875,19539110000
2011-05-14,1333.27001953125,1346.8199462890625,1318.510009765625,1334.77001953125,19514380000
2011-05-21,1331.0999755859375,1334.6199951171875,1311.800048828125,1333.0699462890625,17595530000
2011-05-28,1300.1600341796875,1345.199951171875,1297.9000244140625,1331.0999755859375,16204530000
2011-06-04,1270.97998046875,1300.260009765625,1268.280029296875,1300.260009765625,18551800000
2011-06-11,1271.5,1292.5,1258.0699462890625,1271.31005859375,20466010000
2011-06-18,1268.449951171875,1298.6099853515625,1262.8699951171875,1271.5,19888020000
2011-06-25,1339.6700439453125,1341.010009765625,1267.530029296875,1268.43994140625,19505540000
2011-07-02,1343.800048828125,1356.47998046875,1330.9200439453125,1339.5899658203125,14950400000
2011-07-09,1316.1400146484375,1343.31005859375,1306.510009765625,1343.31005859375,20768430000
2011-07-16,1345.02001953125,1347.0,1295.9200439453125,1315.93994140625,20550440000
2011-07-23,1292.280029296875,1344.3199462890625,1282.8599853515625,1344.3199462890625,21035970000
2011-07-30,1199.3800048828125,1307.3800048828125,1168.0899658203125,1292.5899658203125,26341740000
2011-08-06,1178.81005859375,1198.47998046875,1101.5400390625,1198.47998046875,19325310000
2011-08-13,1123.530029296875,1208.469970703125,1122.050048828125,1178.8599853515625,22135160000
2011-08-20,1176.800048828125,1190.6800537109375,1121.0899658203125,1123.550048828125,26548480000
2011-08-27,1173.969970703125,1230.7099609375,1170.56005859375,1177.9100341796875,23250630000
2011-09-03,1154.22998046875,1204.4000244140625,1140.1300048828125,1173.969970703125,18596560000
2011-09-10,1216.010009765625,1220.06005859375,1136.0699462890625,1153.5,24565280000
2011-09-17,1136.4300537109375,1220.3900146484375,1114.219970703125,1214.989990234375,25641420000
2011-09-24,1131.4200439453125,1195.8599853515625,1131.0699462890625,1136.9100341796875,24801410000
2011-10-01,1155.4599609375,1171.4000244140625,1074.77001953125,1131.2099609375,22574340000
2011-10-08,1224.5799560546875,1224.6099853515625,1158.1500244140625,1158.1500244140625,22779620000
2011-10-15,1238.25,1239.030029296875,1191.47998046875,1224.469970703125,23838320000
2011-10-22,1285.0899658203125,1292.6600341796875,1221.06005859375,1238.719970703125,24561180000
2011-10-29,1253.22998046875,1284.9599609375,1215.4200439453125,1284.9599609375,22746070000
2011-11-05,1263.8499755859375,1277.550048828125,1226.6400146484375,1253.2099609375,19370910000
2011-11-12,1215.6500244140625,1264.25,1209.4300537109375,1263.8499755859375,19328050000
2011-11-19,1158.6700439453125,1215.6199951171875,1158.6600341796875,1215.6199951171875,13424920000
2011-11-26,1244.280029296875,1260.0799560546875,1158.6700439453125,1158.6700439453125,21678300000
2011-12-03,1255.18994140625,1267.06005859375,1231.469970703125,1244.3299560546875,20171810000
2011-12-10,1219.6600341796875,1255.050048828125,1209.469970703125,1255.050048828125,21176570000
2011-12-17,1265.3299560546875,1265.4200439453125,1202.3699951171875,1219.739990234375,16400510000
2011-12-24,1257.5999755859375,1269.3699951171875,1248.6400146484375,1265.02001953125,9030550000
2011-12-31,1277.81005859375,1284.6199951171875,1258.8599853515625,1258.8599853515625,15509070000
2012-01-07,1289.0899658203125,1296.8199462890625,1274.550048828125,1277.8299560546875,19273940000
2012-01-14,1315.3800048828125,1315.489990234375,1290.219970703125,1290.219970703125,16485160000
2012-01-21,1316.3299560546875,1333.469970703125,1306.06005859375,1315.2900390625,20404830000
2012-01-28,1344.9000244140625,1345.3399658203125,1300.489990234375,1316.1600341796875,21128390000
2012-02-04,1342.6400146484375,1354.3199462890625,1335.9200439453125,1344.3199462890625,19306360000
2012-02-11,1361.22998046875,1363.4000244140625,1340.800048828125,1343.06005859375,19414420000
2012-02-18,1365.739990234375,1368.9200439453125,1352.280029296875,1361.219970703125,14720720000
2012-02-25,1369.6300048828125,1378.0400390625,1354.9200439453125,1365.199951171875,18913110000
2012-03-03,1370.8699951171875,1374.760009765625,1340.030029296875,1369.5899658203125,18383450000
2012-03-10,1404.1700439453125,1405.8800048828125,1366.68994140625,1370.780029296875,21406220000
2012-03-17,1397.1099853515625,1414.0,1386.8699951171875,1404.1700439453125,18414980000
2012-03-24,1408.469970703125,1419.1500244140625,1391.56005859375,1397.1099853515625,18492280000
2012-03-31,1398.0799560546875,1422.3800048828125,1392.9200439453125,1408.469970703125,14636130000
2012-04-07,1370.260009765625,1397.449951171875,1357.3800048828125,1397.449951171875,19093190000
2012-04-14,1378.530029296875,1392.760009765625,1365.3800048828125,1370.27001953125,18507460000
2012-04-21,1403.3599853515625,1406.6400146484375,1358.7900390625,1378.530029296875,18950920000
2012-04-28,1369.0999755859375,1415.3199462890625,1367.9599609375,1403.260009765625,19165870000
2012-05-05,1353.3900146484375,1373.9100341796875,1343.1300048828125,1368.7900390625,19706660000
2012-05-12,1295.219970703125,1351.9300537109375,1291.97998046875,1351.9300537109375,21259330000
2012-05-19,1317.8199462890625,1328.489990234375,1295.72998046875,1295.72998046875,18829090000
2012-05-26,1278.0400390625,1334.9300537109375,1277.25,1318.9000244140625,16202900000
2012-06-02,1325.6600341796875,1329.050048828125,1266.739990234375,1278.2900390625,19438880000
2012-06-09,1342.8399658203125,1343.3199462890625,1306.6199951171875,1325.719970703125,18576250000
2012-06-16,1335.02001953125,1363.4599609375,1324.4100341796875,1342.4200439453125,20136440000
2012-06-23,1362.1600341796875,1362.1700439453125,1309.27001953125,1334.9000244140625,18761520000
2012-06-30,1354.6800537109375,1374.81005859375,1348.030029296875,1362.3299560546875,11204700000
2012-07-07,1356.780029296875,1361.5400390625,1325.4100341796875,1354.6600341796875,16669120000
2012-07-14,1362.6600341796875,1380.3900146484375,1345.0699462890625,1356.5,18040410000
2012-07-21,1385.969970703125,1389.18994140625,1329.239990234375,1362.3399658203125,20155950000
2012-07-28,1390.989990234375,1394.1600341796875,1354.6500244140625,1385.93994140625,19419460000
2012-08-04,1405.8699951171875,1407.1400146484375,1391.0400390625,1391.0400390625,15913920000
2012-08-11,1418.1600341796875,1418.7099609375,1397.3199462890625,1405.8699951171875,14123730000
2012-08-18,1411.1300048828125,1426.6800537109375,1398.0400390625,1417.8499755859375,14718990000
2012-08-25,1406.5799560546875,1416.1700439453125,1397.010009765625,1411.1300048828125,13141340000
2012-09-01,1437.9200439453125,1437.9200439453125,1396.56005859375,1406.5400390625,14259910000
2012-09-08,1465.77001953125,1474.510009765625,1428.97998046875,1437.9200439453125,20023040000
2012-09-15,1460.1500244140625,1467.0699462890625,1449.97998046875,1465.4200439453125,18527570000
2012-09-22,1440.6700439453125,1463.239990234375,1430.530029296875,1459.760009765625,16973760000
2012-09-29,1460.9300537109375,1470.9599609375,1439.010009765625,1440.9000244140625,17147310000
2012-10-06,1428.5899658203125,1460.9300537109375,1425.530029296875,1460.9300537109375,15577390000
2012-10-13,1433.18994140625,1464.02001953125,1427.239990234375,1428.75,18463100000
2012-10-20,1411.93994140625,1435.4599609375,1403.280029296875,1433.2099609375,16987410000
2012-10-27,1414.199951171875,1434.27001953125,1405.949951171875,1410.989990234375,11239480000
2012-11-03,1379.8499755859375,1433.3800048828125,1373.030029296875,1414.02001953125,18011370000
2012-11-10,1359.8800048828125,1388.81005859375,1343.3499755859375,1379.8599853515625,18107380000
2012-11-17,1409.1500244140625,1409.1600341796875,1359.8800048828125,1359.8800048828125,10754010000
2012-11-24,1416.1800537109375,1419.699951171875,1385.4300537109375,1409.1500244140625,16954180000
2012-12-01,1418.0699462890625,1423.72998046875,1398.22998046875,1416.3399658203125,16930770000
2012-12-08,1413.5799560546875,1438.5899658203125,1411.8800048828125,1418.0699462890625,16918840000
2012-12-15,1430.1500244140625,1448.0,1413.5400390625,1413.5400390625,20543390000
2012-12-22,1402.4300537109375,1430.1500244140625,1401.5799560546875,1430.1500244140625,8790850000
2012-12-29,1466.469970703125,1467.93994140625,1398.1099853515625,1402.4300537109375,14660950000
2013-01-05,1472.050048828125,1472.75,1451.6400146484375,1466.469970703125,18003450000
2013-01-12,1485.97998046875,1485.97998046875,1463.760009765625,1472.050048828125,17024890000
2013-01-19,1502.9599609375,1503.260009765625,1481.1600341796875,1485.97998046875,14298680000
2013-01-26,1513.1700439453125,1514.4100341796875,1496.3299560546875,1502.9599609375,18901190000
2013-02-02,1517.9300537109375,1518.31005859375,1495.02001953125,1513.1700439453125,17220660000
2013-02-09,1519.7900390625,1524.68994140625,1513.6099853515625,1517.9300537109375,17082600000
2013-02-16,1515.5999755859375,1530.93994140625,1497.2900390625,1519.7900390625,15683400000
2013-02-23,1518.199951171875,1525.8399658203125,1485.010009765625,1515.5999755859375,19146110000
2013-03-02,1551.1800537109375,1552.47998046875,1512.2900390625,1518.199951171875,17988980000
2013-03-09,1560.699951171875,1563.6199951171875,1547.3599853515625,1551.1500244140625,18074930000
2013-03-16,1556.8900146484375,1561.56005859375,1538.5699462890625,1560.699951171875,16501510000
2013-03-23,1569.18994140625,1570.280029296875,1546.219970703125,1556.8900146484375,12266080000
2013-03-30,1553.280029296875,1573.6600341796875,1539.5,1569.1800537109375,16991960000
2013-04-06,1588.8499755859375,1597.3499755859375,1548.6300048828125,1553.260009765625,16193490000
2013-04-13,1555.25,1588.8399658203125,1536.030029296875,1588.8399658203125,20025810000
2013-04-20,1582.239990234375,1592.6400146484375,1548.18994140625,1555.25,17250470000
2013-04-27,1614.4200439453125,1618.4599609375,1581.280029296875,1582.3399658203125,17137450000
2013-05-04,1633.699951171875,1635.010009765625,1614.2099609375,1614.4000244140625,16470390000
2013-05-11,1667.469970703125,1667.469970703125,1626.739990234375,1632.0999755859375,16979670000
2013-05-18,1649.5999755859375,1687.1800537109375,1635.530029296875,1665.7099609375,17853250000
2013-05-25,1630.739990234375,1674.2099609375,1630.739990234375,1652.6300048828125,14642760000
2013-06-01,1643.3800048828125,1646.530029296875,1598.22998046875,1631.7099609375,18157630000
2013-06-08,1626.72998046875,1648.68994140625,1608.0699462890625,1644.6700439453125,15935010000
2013-06-15,1592.4300537109375,1654.18994140625,1577.699951171875,1630.6400146484375,20459250000
2013-06-22,1606.280029296875,1620.0699462890625,1560.3299560546875,1588.77001953125,20394900000
2013-06-29,1631.8900146484375,1632.0699462890625,1604.5699462890625,1609.780029296875,11022010000
2013-07-06,1680.18994140625,1680.18994140625,1634.199951171875,1634.199951171875,16166370000
2013-07-13,1692.0899658203125,1693.1199951171875,1671.8399658203125,1679.5899658203125,15613300000
2013-07-20,1691.6500244140625,1698.780029296875,1676.030029296875,1694.4100341796875,15296700000
2013-07-27,1709.6700439453125,1709.6700439453125,1681.8599853515625,1690.3199462890625,16920240000
2013-08-03,1691.4200439453125,1709.239990234375,1684.9100341796875,1708.010009765625,14910070000
2013-08-10,1655.8299560546875,1696.81005859375,1652.6099853515625,1688.3699951171875,15334290000
2013-08-17,1663.5,1664.8499755859375,1639.4300537109375,1655.25,13950930000
2013-08-24,1632.969970703125,1669.510009765625,1627.469970703125,1664.2900390625,13695720000
2013-08-31,1655.1700439453125,1664.8299560546875,1633.4100341796875,1635.949951171875,13124750000
2013-09-07,1687.989990234375,1689.969970703125,1656.8499755859375,1656.8499755859375,15772830000
2013-09-14,1709.9100341796875,1729.8599853515625,1691.699951171875,1691.699951171875,18657960000
2013-09-21,1691.75,1711.43994140625,1687.1099853515625,1711.43994140625,15310240000
2013-09-28,1690.5,1696.550048828125,1670.3599853515625,1687.260009765625,15855840000
2013-10-05,1703.199951171875,1703.43994140625,1646.469970703125,1687.1500244140625,16132530000
2013-10-12,1744.5,1745.31005859375,1692.1300048828125,1699.8599853515625,16512980000
2013-10-19,1759.77001953125,1759.8199462890625,1740.5,1745.199951171875,17464350000
2013-10-26,1761.6400146484375,1775.219970703125,1752.699951171875,1759.4200439453125,17676620000
2013-11-02,1770.6099853515625,1774.5400390625,1746.199951171875,1763.4000244140625,18014020000
2013-11-09,1798.1800537109375,1798.219970703125,1760.6400146484375,1769.9599609375,15476450000
2013-11-16,1804.760009765625,1804.8399658203125,1777.22998046875,1798.8199462890625,15813880000
2013-11-23,1805.81005859375,1813.550048828125,1800.5799560546875,1806.3299560546875,10637550000
2013-11-30,1805.0899658203125,1810.02001953125,1779.0899658203125,1806.550048828125,16668560000
2013-12-07,1775.3199462890625,1811.52001953125,1772.280029296875,1806.2099609375,16086600000
2013-12-14,1818.3199462890625,1823.75,1767.989990234375,1777.47998046875,19402600000
2013-12-21,1841.4000244140625,1844.8900146484375,1822.9200439453125,1822.9200439453125,8194360000
2013-12-28,1831.3699951171875,1849.43994140625,1827.739990234375,1841.469970703125,10461570000
2014-01-04,1842.3699951171875,1843.22998046875,1823.72998046875,1832.31005859375,17375600000
2014-01-11,1838.699951171875,1850.8399658203125,1815.52001953125,1841.260009765625,17839850000
2014-01-18,1790.2900390625,1849.31005859375,1790.2900390625,1841.050048828125,15747340000
2014-01-25,1782.5899658203125,1798.77001953125,1770.449951171875,1791.030029296875,19054250000
2014-02-01,1797.02001953125,1798.030029296875,1737.9200439453125,1782.6800537109375,20380140000
2014-02-08,1838.6300048828125,1841.6500244140625,1791.8299560546875,1796.199951171875,16742180000
2014-02-15,1836.25,1847.5,1824.5799560546875,1839.030029296875,13891540000
2014-02-22,1859.449951171875,1867.9200439453125,1836.780029296875,1836.780029296875,18711730000
2014-03-01,1878.0400390625,1883.5699462890625,1834.43994140625,1857.6800537109375,17512170000
2014-03-08,1841.1300048828125,1882.3499755859375,1839.5699462890625,1877.8599853515625,16641060000
2014-03-15,1866.52001953125,1883.969970703125,1842.81005859375,1842.81005859375,17678140000
2014-03-22,1857.6199951171875,1875.9200439453125,1842.1099853515625,1867.6700439453125,16779360000
2014-03-29,1865.0899658203125,1897.280029296875,1859.1600341796875,1859.1600341796875,16381500000
2014-04-05,1815.68994140625,1872.530029296875,1814.3599853515625,1863.9200439453125,18333880000
2014-04-12,1864.8499755859375,1869.6300048828125,1815.800048828125,1818.1800537109375,13344490000
2014-04-19,1863.4000244140625,1884.8900146484375,1859.699951171875,1865.7900390625,15348510000
2014-04-26,1881.1400146484375,1891.3299560546875,1850.6099853515625,1865.0,18038030000
2014-05-03,1878.47998046875,1889.0699462890625,1859.7900390625,1879.449951171875,16112380000
2014-05-10,1877.8599853515625,1902.1700439453125,1862.3599853515625,1880.030029296875,15469770000
2014-05-17,1900.530029296875,1901.260009765625,1868.1400146484375,1876.6600341796875,13605170000
2014-05-24,1923.5699462890625,1924.030029296875,1902.010009765625,1902.010009765625,11860010000
2014-05-31,1949.43994140625,1949.43994140625,1915.97998046875,1923.8699951171875,14147690000
2014-06-07,1936.1600341796875,1955.550048828125,1925.780029296875,1948.969970703125,13863870000
2014-06-14,1962.8699951171875,1963.9100341796875,1930.9100341796875,1934.8399658203125,16251000000
2014-06-21,1960.9599609375,1968.1700439453125,1944.68994140625,1962.9200439453125,15983470000
2014-06-28,1985.43994140625,1985.5899658203125,1958.219970703125,1960.7900390625,11075160000
2014-07-05,1967.5699462890625,1984.219970703125,1952.8599853515625,1984.219970703125,14692810000
2014-07-12,1978.219970703125,1983.93994140625,1955.5899658203125,1969.8599853515625,15952350000
2014-07-19,1978.3399658203125,1991.3900146484375,1965.77001953125,1976.9300537109375,14213850000
2014-07-26,1925.1500244140625,1984.8499755859375,1916.3699951171875,1978.25,17417530000
2014-08-02,1931.5899658203125,1942.9200439453125,1904.780029296875,1926.6199951171875,16207390000
2014-08-09,1955.06005859375,1964.0400390625,1928.2900390625,1933.4300537109375,13747450000
2014-08-16,1988.4000244140625,1994.760009765625,1958.3599853515625,1958.3599853515625,12814930000
2014-08-23,2003.3699951171875,2005.0400390625,1990.52001953125,1991.739990234375,11571710000
2014-08-30,2007.7099609375,2011.1700439453125,1990.0999755859375,2004.0699462890625,11520670000
2014-09-06,1985.5400390625,2007.1700439453125,1980.260009765625,2007.1700439453125,14732610000
2014-09-13,2010.4000244140625,2019.260009765625,1978.47998046875,1986.0400390625,17261820000
2014-09-20,1982.8499755859375,2009.0799560546875,1965.989990234375,2009.0799560546875,16145360000
2014-09-27,1967.9000244140625,1985.1700439453125,1926.030029296875,1978.9599609375,18807610000
2014-10-04,1906.1300048828125,1977.8399658203125,1906.050048828125,1970.010009765625,20382540000
2014-10-11,1886.760009765625,1912.0899658203125,1820.6600341796875,1905.6500244140625,24810660000
2014-10-18,1964.5799560546875,1965.27001953125,1882.300048828125,1885.6199951171875,17947860000
2014-10-25,2018.050048828125,2018.18994140625,1951.3699951171875,1962.969970703125,18810910000
2014-11-01,2031.9200439453125,2034.260009765625,2001.010009765625,2018.2099609375,18652340000
2014-11-08,2039.8199462890625,2046.1800537109375,2030.1700439453125,2032.010009765625,16172310000
2014-11-15,2063.5,2071.4599609375,2034.4599609375,2038.2900390625,17004640000
2014-11-22,2067.56005859375,2075.760009765625,2064.75,2065.070068359375,11770900000
2014-11-29,2075.3701171875,2079.469970703125,2049.570068359375,2065.780029296875,18286300000
2014-12-06,2002.3299560546875,2075.780029296875,2002.3299560546875,2074.840087890625,19961180000
2014-12-13,2070.64990234375,2077.85009765625,1972.56005859375,2005.030029296875,25431950000
2014-12-20,2088.77001953125,2092.699951171875,2069.280029296875,2069.280029296875,9565680000
2014-12-27,2058.199951171875,2093.550048828125,2046.0400390625,2087.6298828125,10207410000
2015-01-03,2044.81005859375,2064.429931640625,1992.43994140625,2054.43994140625,19362860000
2015-01-10,2019.4200439453125,2056.929931640625,1988.1199951171875,2046.1300048828125,20275570000
2015-01-17,2051.820068359375,2064.6201171875,2004.489990234375,2020.760009765625,15424020000
2015-01-24,1994.989990234375,2057.6201171875,1989.1800537109375,2050.419921875,19558890000
2015-01-31,2055.469970703125,2072.39990234375,1980.9000244140625,1996.6700439453125,20821110000
2015-02-07,2096.989990234375,2097.030029296875,2041.8800048828125,2053.469970703125,18132050000
2015-02-14,2110.300048828125,2110.610107421875,2085.43994140625,2096.469970703125,13260470000
2015-02-21,2104.5,2119.590087890625,2103.0,2109.830078125,16561930000
2015-02-28,2071.260009765625,2117.52001953125,2067.27001953125,2105.22998046875,17049500000
2015-03-07,2053.39990234375,2083.489990234375,2039.68994140625,2072.25,17328980000
2015-03-14,2108.10009765625,2113.919921875,2055.35009765625,2055.35009765625,19504990000
2015-03-21,2061.02001953125,2114.860107421875,2045.5,2107.989990234375,16498140000
2015-03-28,2066.9599609375,2088.969970703125,2048.3798828125,2064.110107421875,12933470000
2015-04-04,2102.06005859375,2102.610107421875,2056.52001953125,2064.8701171875,15962370000
2015-04-11,2081.179931640625,2111.909912109375,2072.3701171875,2102.030029296875,17285170000
2015-04-18,2117.68994140625,2120.919921875,2084.110107421875,2084.110107421875,16604500000
2015-04-25,2108.2900390625,2125.919921875,2077.590087890625,2119.2900390625,18949060000
2015-05-02,2116.10009765625,2120.949951171875,2067.929931640625,2110.22998046875,17753820000
2015-05-09,2122.72998046875,2123.889892578125,2085.570068359375,2115.56005859375,15824270000
2015-05-16,2126.06005859375,2134.719970703125,2120.010009765625,2121.300048828125,14852420000
2015-05-23,2107.389892578125,2126.219970703125,2099.179931640625,2125.340087890625,13377830000
2015-05-30,2092.830078125,2121.919921875,2085.669921875,2108.639892578125,15604780000
2015-06-06,2094.110107421875,2115.02001953125,2072.139892578125,2092.340087890625,15214050000
2015-06-13,2109.989990234375,2126.64990234375,2072.489990234375,2091.340087890625,17173880000
2015-06-20,2101.489990234375,2129.8701171875,2095.3798828125,2112.5,17463770000
2015-06-27,2076.780029296875,2098.6298828125,2056.320068359375,2098.6298828125,14481300000
2015-07-04,2076.6201171875,2083.739990234375,2044.02001953125,2073.949951171875,18065680000
2015-07-11,2126.639892578125,2128.909912109375,2080.030029296875,2080.030029296875,15950490000
2015-07-18,2079.64990234375,2132.820068359375,2077.090087890625,2126.85009765625,17926480000
2015-07-25,2103.840087890625,2114.239990234375,2063.52001953125,2078.18994140625,19254140000
2015-08-01,2077.570068359375,2112.659912109375,2067.909912109375,2104.489990234375,18841050000
2015-08-08,2091.5400390625,2105.35009765625,2052.090087890625,2080.97998046875,17509360000
2015-08-15,1970.8900146484375,2103.469970703125,1970.8900146484375,2089.699951171875,18271310000
2015-08-22,1988.8699951171875,1993.47998046875,1867.010009765625,1965.1500244140625,26089970000
2015-08-29,1921.219970703125,1986.72998046875,1903.0699462890625,1986.72998046875,18717360000
2015-09-05,1961.050048828125,1988.6300048828125,1927.300048828125,1927.300048828125,14045680000
2015-09-12,1958.030029296875,2020.8599853515625,1948.27001953125,1963.06005859375,20075770000
2015-09-19,1931.3399658203125,1979.6400146484375,1908.9200439453125,1960.8399658203125,18081540000
2015-09-26,1951.3599853515625,1951.3599853515625,1871.9100341796875,1929.1800537109375,21346290000
2015-10-03,2014.8900146484375,2020.1300048828125,1954.3299560546875,1954.3299560546875,20849400000
2015-10-10,2033.1099853515625,2033.5400390625,1990.72998046875,2015.6500244140625,17281480000
2015-10-17,2075.14990234375,2079.739990234375,2017.219970703125,2031.72998046875,18785920000
2015-10-24,2079.360107421875,2094.320068359375,2058.840087890625,2075.080078125,20565930000
2015-10-31,2099.199951171875,2116.47998046875,2080.760009765625,2080.760009765625,20531860000
2015-11-07,2023.0400390625,2096.56005859375,2022.02001953125,2096.56005859375,19691320000
2015-11-14,2089.169921875,2097.06005859375,2019.3900146484375,2022.0799560546875,19652690000
2015-11-21,2090.110107421875,2095.610107421875,2070.2900390625,2089.409912109375,11792690000
2015-11-28,2091.68994140625,2104.27001953125,2042.3499755859375,2090.949951171875,20459190000
2015-12-05,2012.3699951171875,2090.419921875,2008.800048828125,2090.419921875,20618850000
2015-12-12,2005.550048828125,2076.719970703125,1993.260009765625,2013.3699951171875,24611890000
2015-12-19,2060.989990234375,2067.360107421875,2005.9300537109375,2010.27001953125,12177090000
2015-12-26,2043.93994140625,2081.56005859375,2043.6199951171875,2057.77001953125,10057270000
2016-01-02,1922.030029296875,2038.199951171875,1918.4599609375,2038.199951171875,22089690000
2016-01-09,1880.3299560546875,1950.3299560546875,1857.8299560546875,1926.1199951171875,25291150000
2016-01-16,1906.9000244140625,1908.8499755859375,1812.2900390625,1888.6600341796875,21324990000
2016-01-23,1940.239990234375,1940.239990234375,1872.699951171875,1906.280029296875,23703940000
2016-01-30,1880.050048828125,1947.199951171875,1872.22998046875,1936.93994140625,24081930000
2016-02-06,1864.780029296875,1881.5999755859375,1810.0999755859375,1873.25,25488570000
2016-02-13,1917.780029296875,1930.6800537109375,1871.43994140625,1871.43994140625,18161550000
2016-02-20,1948.050048828125,1962.9599609375,1891.0,1924.43994140625,20729330000
2016-02-27,1999.989990234375,2009.1300048828125,1931.81005859375,1947.1300048828125,25206170000
2016-03-05,2022.18994140625,2022.3699951171875,1969.25,1996.1099853515625,22103360000
2016-03-12,2049.580078125,2052.360107421875,2005.22998046875,2019.27001953125,22138770000
2016-03-19,2035.93994140625,2056.60009765625,2022.489990234375,2047.8800048828125,13842290000
2016-03-26,2072.780029296875,2075.070068359375,2028.31005859375,2037.8900146484375,17687000000
2016-04-02,2047.5999755859375,2074.02001953125,2033.800048828125,2073.18994140625,18552210000
2016-04-09,2080.72998046875,2087.840087890625,2039.739990234375,2050.22998046875,19466730000
2016-04-16,2091.580078125,2111.050048828125,2073.64990234375,2078.830078125,19364460000
2016-04-23,2065.300048828125,2099.889892578125,2052.280029296875,2089.3701171875,19991600000
2016-04-30,2057.139892578125,2083.419921875,2039.449951171875,2067.169921875,19877940000
2016-05-07,2046.6099853515625,2084.8701171875,2043.1300048828125,2057.550048828125,18573070000
2016-05-14,2052.320068359375,2071.8798828125,2025.9100341796875,2046.530029296875,19066060000
2016-05-21,2099.06005859375,2099.06005859375,2047.260009765625,2052.22998046875,16852120000
2016-05-28,2099.1298828125,2105.260009765625,2085.10009765625,2100.1298828125,15300080000
2016-06-04,2096.070068359375,2120.550048828125,2089.9599609375,2100.830078125,17344140000
2016-06-11,2071.219970703125,2098.1201171875,2050.3701171875,2091.75,19277430000
2016-06-18,2037.4100341796875,2113.320068359375,2032.5699462890625,2075.580078125,20763870000
2016-06-25,2102.949951171875,2108.7099609375,1991.6800537109375,2031.449951171875,22140480000
2016-07-02,2129.89990234375,2131.7099609375,2074.02001953125,2095.050048828125,14779810000
2016-07-09,2161.739990234375,2169.050048828125,2131.719970703125,2131.719970703125,17441690000
2016-07-16,2175.030029296875,2175.6298828125,2159.010009765625,2162.0400390625,15651690000
2016-07-23,2173.60009765625,2177.090087890625,2159.070068359375,2173.7099609375,18198170000
2016-07-30,2182.8701171875,2182.8701171875,2147.580078125,2173.14990234375,18513540000
2016-08-06,2184.050048828125,2188.449951171875,2172.0,2183.760009765625,16340620000
2016-08-13,2183.8701171875,2193.81005859375,2168.5,2186.080078125,16049210000
2016-08-20,2169.0400390625,2193.419921875,2160.389892578125,2181.580078125,15278970000
2016-08-27,2179.97998046875,2184.8701171875,2157.090087890625,2170.18994140625,15911210000
2016-09-03,2127.81005859375,2187.8701171875,2127.81005859375,2181.610107421875,14728870000
2016-09-10,2139.159912109375,2163.300048828125,2119.1201171875,2120.860107421875,20204330000
2016-09-17,2164.68994140625,2179.989990234375,2135.909912109375,2143.989990234375,16758370000
2016-09-24,2168.27001953125,2175.300048828125,2141.550048828125,2158.5400390625,18848810000
2016-10-01,2153.739990234375,2165.860107421875,2144.010009765625,2164.330078125,17730470000
2016-10-08,2132.97998046875,2169.60009765625,2114.719970703125,2160.389892578125,15960480000
2016-10-15,2141.159912109375,2148.43994140625,2124.429931640625,2132.949951171875,16166080000
2016-10-22,2126.409912109375,2154.7900390625,2119.360107421875,2148.5,19131940000
2016-10-29,2085.179931640625,2133.25,2083.7900390625,2129.780029296875,20488880000
2016-11-05,2164.449951171875,2182.300048828125,2100.590087890625,2100.590087890625,25381600000
2016-11-12,2181.89990234375,2189.889892578125,2156.080078125,2165.639892578125,21162310000
2016-11-19,2213.35009765625,2213.35009765625,2186.429931640625,2186.429931640625,12576460000
2016-11-26,2191.949951171875,2214.10009765625,2187.43994140625,2210.2099609375,21612530000
2016-12-03,2259.530029296875,2259.800048828125,2199.969970703125,2200.64990234375,20349620000
2016-12-10,2258.070068359375,2277.530029296875,2248.43994140625,2258.830078125,22426490000
2016-12-17,2263.7900390625,2272.56005859375,2256.080078125,2259.239990234375,14315870000
2016-12-24,2238.830078125,2273.820068359375,2233.6201171875,2266.22998046875,9402730000
2016-12-31,2276.97998046875,2282.10009765625,2245.1298828125,2251.570068359375,14669060000
2017-01-07,2274.639892578125,2279.27001953125,2254.25,2273.590087890625,17042270000
2017-01-14,2271.31005859375,2276.9599609375,2258.409912109375,2269.139892578125,13609860000
2017-01-21,2294.68994140625,2300.989990234375,2257.02001953125,2267.780029296875,17570460000
2017-01-28,2297.419921875,2298.31005859375,2267.2099609375,2286.010009765625,19019690000
2017-02-04,2316.10009765625,2319.22998046875,2285.3798828125,2294.280029296875,17355000000
2017-02-11,2351.159912109375,2351.31005859375,2321.419921875,2321.719970703125,17859010000
2017-02-18,2367.340087890625,2368.260009765625,2352.8701171875,2354.909912109375,14914870000
2017-02-25,2383.1201171875,2400.97998046875,2358.9599609375,2365.22998046875,19525470000
2017-03-04,2372.60009765625,2378.800048828125,2354.5400390625,2375.22998046875,17745030000
2017-03-11,2378.25,2390.010009765625,2358.179931640625,2371.56005859375,18798600000
2017-03-18,2343.97998046875,2381.929931640625,2335.739990234375,2378.239990234375,17156540000
2017-03-25,2362.719970703125,2370.419921875,2322.25,2329.110107421875,16235510000
2017-04-01,2355.5400390625,2378.360107421875,2344.72998046875,2362.340087890625,16665670000
2017-04-08,2328.949951171875,2366.3701171875,2328.949951171875,2357.159912109375,12261150000
2017-04-15,2348.68994140625,2361.3701171875,2332.510009765625,2332.6201171875,16793410000
2017-04-22,2384.199951171875,2398.159912109375,2369.18994140625,2370.330078125,19649630000
2017-04-29,2399.2900390625,2399.2900390625,2379.75,2388.5,18870720000
2017-05-06,2390.89990234375,2403.8701171875,2381.739990234375,2399.93994140625,17769530000
2017-05-13,2381.72998046875,2405.77001953125,2352.719970703125,2393.97998046875,19227790000
2017-05-20,2415.820068359375,2418.7099609375,2386.919921875,2387.2099609375,16127520000
2017-05-27,2439.070068359375,2440.22998046875,2403.590087890625,2411.669921875,15050020000
2017-06-03,2431.77001953125,2446.199951171875,2415.699951171875,2437.830078125,17635530000
2017-06-10,2433.14990234375,2443.75,2418.530029296875,2425.8798828125,19540080000
2017-06-17,2438.300048828125,2453.820068359375,2430.739990234375,2442.550048828125,19053080000
2017-06-24,2423.409912109375,2450.419921875,2405.699951171875,2443.320068359375,17524000000
2017-07-01,2425.179931640625,2439.169921875,2407.699951171875,2431.389892578125,11567730000
2017-07-08,2459.27001953125,2463.5400390625,2412.7900390625,2424.510009765625,15102550000
2017-07-15,2472.5400390625,2477.6201171875,2450.340087890625,2459.5,15129180000
2017-07-22,2472.10009765625,2484.0400390625,2459.929931640625,2472.0400390625,18072700000
2017-07-29,2476.830078125,2480.3798828125,2466.47998046875,2475.93994140625,17335730000
2017-08-05,2441.320068359375,2490.8701171875,2437.75,2477.139892578125,16391220000
2017-08-12,2425.550048828125,2474.929931640625,2420.68994140625,2454.9599609375,15295240000
2017-08-19,2443.050048828125,2454.77001953125,2417.35009765625,2425.5,13824620000
2017-08-26,2476.550048828125,2480.3798828125,2428.199951171875,2447.35009765625,14126800000
2017-09-02,2461.429931640625,2471.969970703125,2446.550048828125,2470.35009765625,13576530000
2017-09-09,2500.22998046875,2500.22998046875,2474.52001953125,2474.52001953125,18184550000
2017-09-16,2502.219970703125,2508.85009765625,2496.5400390625,2502.510009765625,15886600000
2017-09-23,2519.360107421875,2519.43994140625,2488.030029296875,2499.389892578125,16263660000
2017-09-30,2549.330078125,2552.510009765625,2520.39990234375,2521.199951171875,15278620000
2017-10-07,2553.169921875,2557.64990234375,2541.60009765625,2551.389892578125,14748620000
2017-10-14,2575.2099609375,2575.43994140625,2547.919921875,2555.570068359375,15233210000
2017-10-21,2581.070068359375,2582.97998046875,2544.0,2578.080078125,18323450000
2017-10-28,2587.840087890625,2588.419921875,2566.169921875,2577.75,18964700000
2017-11-04,2582.300048828125,2597.02001953125,2566.330078125,2587.469970703125,18589450000
2017-11-11,2578.85009765625,2590.090087890625,2557.449951171875,2576.530029296875,17274900000
2017-11-18,2602.419921875,2604.2099609375,2578.239990234375,2579.489990234375,10525170000
2017-11-25,2642.219970703125,2657.739990234375,2598.8701171875,2602.659912109375,19518320000
2017-12-02,2651.5,2665.18994140625,2624.75,2657.18994140625,17250300000
2017-12-09,2675.81005859375,2679.6298828125,2651.469970703125,2652.18994140625,19458420000
2017-12-16,2683.340087890625,2694.969970703125,2676.110107421875,2685.919921875,16075840000
2017-12-23,2673.610107421875,2692.1201171875,2673.610107421875,2679.090087890625,8796210000
2017-12-30,2743.14990234375,2743.449951171875,2682.360107421875,2683.72998046875,13878080000
2018-01-06,2786.239990234375,2787.85009765625,2736.06005859375,2742.669921875,17526430000
2018-01-13,2810.300048828125,2810.330078125,2768.639892578125,2798.9599609375,15580750000
2018-01-20,2872.8701171875,2872.8701171875,2808.1201171875,2809.159912109375,18457670000
2018-01-27,2762.1298828125,2870.6201171875,2759.969970703125,2867.22998046875,20193360000
2018-02-03,2619.550048828125,2763.389892578125,2532.68994140625,2741.06005859375,26898440000
2018-02-10,2732.219970703125,2754.419921875,2622.449951171875,2636.75,18927760000
2018-02-17,2747.300048828125,2747.760009765625,2697.77001953125,2722.989990234375,14356940000
2018-02-24,2691.25,2789.14990234375,2647.320068359375,2757.3701171875,19838970000
2018-03-03,2786.570068359375,2786.570068359375,2675.75,2681.06005859375,17112270000
2018-03-10,2752.010009765625,2801.89990234375,2741.469970703125,2790.5400390625,18908730000
2018-03-17,2588.260009765625,2741.3798828125,2585.889892578125,2741.3798828125,17629670000
2018-03-24,2640.8701171875,2674.780029296875,2593.06005859375,2619.35009765625,14747480000
2018-03-31,2604.469970703125,2672.080078125,2553.800048828125,2633.449951171875,16943670000
2018-04-07,2656.300048828125,2680.260009765625,2610.7900390625,2617.179931640625,15743660000
2018-04-14,2670.139892578125,2717.489990234375,2660.610107421875,2670.10009765625,16522340000
2018-04-21,2669.909912109375,2683.550048828125,2612.669921875,2675.39990234375,17235520000
2018-04-28,2663.419921875,2682.8701171875,2594.6201171875,2682.510009765625,18562140000
2018-05-05,2727.719970703125,2732.860107421875,2655.199951171875,2680.340087890625,17181050000
2018-05-12,2712.969970703125,2742.10009765625,2701.909912109375,2738.469970703125,16395450000
2018-05-19,2721.330078125,2742.239990234375,2707.3798828125,2735.389892578125,16071790000
2018-05-26,2734.6201171875,2736.929931640625,2676.81005859375,2705.110107421875,15245210000
2018-06-02,2779.030029296875,2779.89990234375,2739.510009765625,2741.669921875,17477350000
2018-06-09,2779.659912109375,2791.469970703125,2761.72998046875,2780.179931640625,19511520000
2018-06-16,2754.8798828125,2774.989990234375,2743.18994140625,2765.7900390625,19124110000
2018-06-23,2718.3701171875,2746.090087890625,2691.989990234375,2742.93994140625,18084070000
2018-06-30,2759.820068359375,2764.409912109375,2698.949951171875,2704.949951171875,10576910000
2018-07-07,2801.31005859375,2804.530029296875,2770.72998046875,2775.6201171875,14590400000
2018-07-14,2801.830078125,2816.760009765625,2789.239990234375,2797.360107421875,15517950000
2018-07-21,2818.820068359375,2848.030029296875,2795.139892578125,2799.169921875,17044960000
2018-07-28,2840.35009765625,2840.3798828125,2796.340087890625,2819.0,17214500000
2018-08-04,2833.280029296875,2863.429931640625,2825.81005859375,2840.2900390625,15374300000
2018-08-11,2850.1298828125,2855.6298828125,2802.489990234375,2835.4599609375,16086450000
2018-08-18,2874.68994140625,2876.159912109375,2850.6201171875,2853.929931640625,13959870000
2018-08-25,2901.52001953125,2916.5,2884.68994140625,2884.68994140625,14056030000
2018-09-01,2871.679931640625,2900.179931640625,2864.1201171875,2896.9599609375,12457020000
2018-09-08,2904.97998046875,2908.300048828125,2866.780029296875,2881.389892578125,15450380000
2018-09-15,2929.669921875,2940.909912109375,2886.159912109375,2903.830078125,18420620000
2018-09-22,2913.97998046875,2931.14990234375,2903.280029296875,2921.830078125,16703490000
2018-09-29,2885.570068359375,2939.860107421875,2869.2900390625,2926.2900390625,17285210000
2018-10-06,2767.1298828125,2894.830078125,2710.510009765625,2877.530029296875,20405870000
2018-10-13,2767.780029296875,2816.93994140625,2749.030029296875,2763.830078125,17367750000
2018-10-20,2658.68994140625,2778.93994140625,2628.159912109375,2773.93994140625,21911910000
2018-10-27,2723.06005859375,2756.550048828125,2603.5400390625,2682.64990234375,23951720000
2018-11-03,2781.010009765625,2815.14990234375,2717.93994140625,2726.3701171875,18826370000
2018-11-10,2736.27001953125,2775.989990234375,2670.75,2773.929931640625,20465380000
2018-11-17,2632.56005859375,2733.159912109375,2631.090087890625,2730.739990234375,13066840000
2018-11-24,2760.169921875,2760.8798828125,2649.969970703125,2649.969970703125,19269950000
2018-12-01,2633.080078125,2800.179931640625,2621.530029296875,2790.5,18159960000
2018-12-08,2599.949951171875,2685.43994140625,2583.22998046875,2630.860107421875,20198330000
2018-12-15,2416.6201171875,2601.1298828125,2408.550048828125,2590.75,27611110000
2018-12-22,2485.739990234375,2520.27001953125,2346.580078125,2400.56005859375,14730860000
2018-12-29,2531.93994140625,2538.070068359375,2443.9599609375,2498.93994140625,15288050000
2019-01-05,2596.260009765625,2597.820068359375,2524.56005859375,2535.610107421875,19510680000
2019-01-12,2670.7099609375,2675.469970703125,2570.409912109375,2580.31005859375,18984150000
2019-01-19,2664.760009765625,2672.3798828125,2612.860107421875,2657.8798828125,14552950000
2019-01-26,2706.530029296875,2716.659912109375,2624.06005859375,2644.969970703125,19768450000
2019-02-02,2707.8798828125,2738.97998046875,2681.830078125,2706.489990234375,18217210000
2019-02-09,2775.60009765625,2775.659912109375,2703.7900390625,2712.39990234375,18417330000
2019-02-16,2792.669921875,2794.199951171875,2764.550048828125,2769.280029296875,14467710000
2019-02-23,2803.68994140625,2813.489990234375,2775.1298828125,2804.35009765625,19748980000
2019-03-02,2743.070068359375,2816.8798828125,2722.27001953125,2814.3701171875,18737740000
2019-03-09,2822.47998046875,2830.72998046875,2747.610107421875,2747.610107421875,20454890000
2019-03-16,2800.7099609375,2860.31005859375,2800.469970703125,2822.610107421875,18917020000
2019-03-23,2834.39990234375,2836.030029296875,2785.02001953125,2796.010009765625,17055060000
2019-03-30,2892.739990234375,2893.239990234375,2848.6298828125,2848.6298828125,16592010000
2019-04-06,2907.409912109375,2910.5400390625,2873.330078125,2888.4599609375,15877870000
2019-04-13,2905.030029296875,2918.0,2891.89990234375,2908.320068359375,13672850000
2019-04-20,2939.8798828125,2939.8798828125,2896.35009765625,2898.780029296875,16857490000
2019-04-27,2945.639892578125,2954.1298828125,2900.5,2940.580078125,17918950000
2019-05-04,2881.39990234375,2937.320068359375,2825.389892578125,2908.889892578125,17765260000
2019-05-11,2859.530029296875,2892.14990234375,2801.429931640625,2840.18994140625,17050540000
2019-05-18,2826.06005859375,2868.8798828125,2805.489990234375,2841.93994140625,16499350000
2019-05-25,2752.06005859375,2840.510009765625,2750.52001953125,2830.030029296875,15106790000
2019-06-01,2873.340087890625,2884.969970703125,2728.81005859375,2751.530029296875,18026770000
2019-06-08,2886.97998046875,2910.610107421875,2874.679931640625,2885.830078125,15894210000
2019-06-15,2950.4599609375,2964.14990234375,2887.300048828125,2889.75,18516760000
2019-06-22,2941.760009765625,2954.919921875,2912.989990234375,2951.419921875,18812890000
2019-06-29,2990.409912109375,2995.840087890625,2952.219970703125,2971.409912109375,11147600000
2019-07-06,3013.77001953125,3013.919921875,2963.43994140625,2979.77001953125,15253340000
2019-07-13,2976.610107421875,3017.800048828125,2973.090087890625,3017.800048828125,16014490000
2019-07-20,3025.860107421875,3027.97998046875,2976.64990234375,2981.929931640625,16700450000
2019-07-27,2932.050048828125,3025.610107421875,2914.110107421875,3024.469970703125,20160210000
2019-08-03,2918.64990234375,2938.719970703125,2822.1201171875,2898.070068359375,20687590000
2019-08-10,2888.679931640625,2943.31005859375,2825.510009765625,2907.070068359375,19076710000
2019-08-17,2847.110107421875,2939.080078125,2834.969970703125,2913.47998046875,16141480000
2019-08-24,2926.4599609375,2940.429931640625,2853.050048828125,2866.699951171875,15686820000
2019-08-31,2978.7099609375,2985.860107421875,2891.85009765625,2909.010009765625,13707670000
2019-09-07,3007.389892578125,3020.739990234375,2957.010009765625,2988.429931640625,19712530000
2019-09-14,2992.070068359375,3021.989990234375,2978.570068359375,2996.409912109375,20787010000
2019-09-21,2961.7900390625,3007.97998046875,2945.530029296875,2983.5,16722640000
2019-09-28,2952.010009765625,2992.530029296875,2855.93994140625,2967.070068359375,17244790000
2019-10-05,2970.27001953125,2993.280029296875,2892.659912109375,2944.22998046875,15880820000
2019-10-12,2986.199951171875,3008.2900390625,2962.93994140625,2965.81005859375,15507120000
2019-10-19,3022.550048828125,3027.389892578125,2991.2099609375,2996.47998046875,17288670000
2019-10-26,3066.909912109375,3066.949951171875,3023.18994140625,3032.1201171875,19004660000
2019-11-02,3093.080078125,3097.77001953125,3065.889892578125,3078.9599609375,20794290000
2019-11-09,3120.4599609375,3120.4599609375,3075.820068359375,3080.330078125,16692290000
2019-11-16,3110.2900390625,3127.639892578125,3091.409912109375,3117.909912109375,18074100000
2019-11-23,3140.97998046875,3154.260009765625,3117.43994140625,3117.43994140625,12893650000
2019-11-30,3145.909912109375,3150.60009765625,3070.330078125,3143.85009765625,17504100000
2019-12-07,3168.800048828125,3182.679931640625,3126.090087890625,3141.860107421875,17765280000
2019-12-14,3221.219970703125,3225.64990234375,3183.6298828125,3183.6298828125,22184930000
2019-12-21,3240.02001953125,3247.929931640625,3220.510009765625,3226.050048828125,8954750000
2019-12-28,3234.85009765625,3258.139892578125,3212.030029296875,3240.090087890625,12861110000
2020-01-04,3265.35009765625,3282.989990234375,3214.639892578125,3217.550048828125,17721020000
2020-01-11,3329.6201171875,3329.8798828125,3268.429931640625,3271.1298828125,18135300000
2020-01-18,3295.469970703125,3337.77001953125,3281.530029296875,3321.030029296875,15204110000
2020-01-25,3225.52001953125,3293.469970703125,3214.679931640625,3247.159912109375,19282920000
2020-02-01,3327.7099609375,3347.9599609375,3235.659912109375,3235.659912109375,19500010000
2020-02-08,3380.159912109375,3385.090087890625,3317.77001953125,3318.280029296875,18077170000
2020-02-15,3337.75,3393.52001953125,3328.449951171875,3369.0400390625,15292560000
2020-02-22,2954.219970703125,3259.81005859375,2855.840087890625,3257.610107421875,31566850000
2020-02-29,2972.3701171875,3136.719970703125,2901.5400390625,2974.280029296875,29965390000
2020-03-07,2711.02001953125,2882.590087890625,2478.860107421875,2863.889892578125,40664410000
2020-03-14,2304.919921875,2562.97998046875,2280.52001953125,2508.590087890625,41985050000
2020-03-21,2541.469970703125,2637.010009765625,2191.860107421875,2290.7099609375,37243200000
2020-03-28,2488.64990234375,2641.389892578125,2447.489990234375,2558.97998046875,30852490000
2020-04-04,2789.820068359375,2818.570068359375,2574.570068359375,2578.280029296875,27229510000
2020-04-11,2874.56005859375,2879.219970703125,2721.169921875,2782.4599609375,27176880000
2020-04-18,2836.739990234375,2868.97998046875,2727.10009765625,2845.6201171875,26590900000
2020-04-25,2830.7099609375,2954.860107421875,2821.610107421875,2854.64990234375,28845520000
2020-05-02,2929.800048828125,2932.159912109375,2797.85009765625,2815.010009765625,24823610000
2020-05-09,2863.699951171875,2945.820068359375,2766.639892578125,2915.4599609375,27249840000
2020-05-16,2955.449951171875,2980.2900390625,2913.860107421875,2913.860107421875,25310860000
2020-05-23,3044.31005859375,3068.669921875,2969.75,3004.080078125,24991070000
2020-05-30,3193.929931640625,3211.719970703125,3031.5400390625,3038.780029296875,30977470000
2020-06-06,3041.31005859375,3233.1298828125,2984.469970703125,3199.919921875,34390750000
2020-06-13,3097.739990234375,3155.530029296875,2965.659912109375,2993.760009765625,28959080000
2020-06-20,3009.050048828125,3154.89990234375,3004.6298828125,3094.419921875,27951760000
2020-06-27,3130.010009765625,3165.81005859375,2999.739990234375,3018.590087890625,17826770000
2020-07-04,3185.0400390625,3186.820068359375,3115.699951171875,3155.2900390625,23635640000
2020-07-11,3224.72998046875,3238.280029296875,3127.659912109375,3205.080078125,22082120000
2020-07-18,3215.6298828125,3279.989990234375,3200.050048828125,3224.2900390625,20789280000
2020-07-25,3271.1201171875,3272.169921875,3204.1298828125,3219.840087890625,21774140000
2020-08-01,3351.280029296875,3352.5400390625,3284.530029296875,3288.260009765625,21777340000
2020-08-08,3372.85009765625,3387.889892578125,3326.43994140625,3356.0400390625,19619500000
2020-08-15,3397.159912109375,3399.9599609375,3354.68994140625,3380.860107421875,17745410000
2020-08-22,3508.010009765625,3509.22998046875,3413.1298828125,3418.090087890625,18975990000
2020-08-29,3426.9599609375,3588.110107421875,3349.6298828125,3509.72998046875,22095960000
2020-09-05,3340.969970703125,3425.550048828125,3310.469970703125,3371.8798828125,16545570000
2020-09-12,3319.469970703125,3428.919921875,3292.39990234375,3363.56005859375,24071910000
2020-09-19,3298.4599609375,3323.35009765625,3209.449951171875,3285.570068359375,21594480000
2020-09-26,3348.419921875,3397.179931640625,3323.68994140625,3333.89990234375,20402660000
2020-10-03,3477.139892578125,3482.340087890625,3354.5400390625,3367.27001953125,19772590000
2020-10-10,3483.81005859375,3549.85009765625,3440.889892578125,3500.02001953125,19317950000
2020-10-17,3465.389892578125,3502.419921875,3415.340087890625,3493.659912109375,19936550000
2020-10-24,3269.9599609375,3441.419921875,3233.93994140625,3441.419921875,22860370000
2020-10-31,3509.43994140625,3529.050048828125,3279.739990234375,3296.199951171875,23047080000
2020-11-07,3585.14990234375,3645.989990234375,3511.909912109375,3583.0400390625,28872780000
2020-11-14,3557.5400390625,3628.510009765625,3543.840087890625,3600.159912109375,23992240000
2020-11-21,3638.35009765625,3644.31005859375,3552.77001953125,3566.820068359375,19026670000
2020-11-28,3699.1201171875,3699.199951171875,3594.389892578125,3634.179931640625,26933100000
2020-12-05,3663.4599609375,3712.389892578125,3633.39990234375,3694.72998046875,23655640000
2020-12-12,3709.409912109375,3726.699951171875,3645.840087890625,3675.27001953125,24367880000
2020-12-19,3703.06005859375,3711.239990234375,3636.47998046875,3684.280029296875,14464830000
2020-12-26,3756.070068359375,3760.199951171875,3723.030029296875,3723.030029296875,13262640000
2021-01-02,3824.679931640625,3826.68994140625,3662.7099609375,3764.610107421875,25542330000
2021-01-09,3768.25,3823.60009765625,3749.6201171875,3803.139892578125,24631190000
2021-01-16,3841.469970703125,3861.449951171875,3780.3701171875,3781.8798828125,19193280000
2021-01-23,3714.239990234375,3870.89990234375,3694.1201171875,3851.679931640625,36751000000
2021-01-30,3886.830078125,3894.56005859375,3725.6201171875,3731.169921875,25573900000
2021-02-06,3934.830078125,3937.22998046875,3884.93994140625,3892.590087890625,22779770000
2021-02-13,3906.7099609375,3950.429931640625,3885.030029296875,3939.610107421875,19428610000
2021-02-20,3811.14990234375,3928.64990234375,3789.5400390625,3885.550048828125,31300040000
2021-02-27,3841.93994140625,3914.5,3723.340087890625,3842.510009765625,30870960000
2021-03-06,3943.340087890625,3960.27001953125,3819.25,3844.389892578125,27021810000
2021-03-13,3913.10009765625,3983.8701171875,3886.75,3942.9599609375,26950850000
2021-03-20,3974.5400390625,3978.18994140625,3853.5,3916.47998046875,24199790000
2021-03-27,4019.8701171875,4020.6298828125,3943.25,3969.31005859375,17489870000
2021-04-03,4128.7998046875,4129.47998046875,4034.43994140625,4034.43994140625,19754600000
2021-04-10,4185.47021484375,4191.31005859375,4114.81982421875,4124.7099609375,19506210000
2021-04-17,4180.169921875,4194.169921875,4118.3798828125,4179.7998046875,19855210000
2021-04-24,4181.169921875,4218.77978515625,4174.85009765625,4185.02978515625,19845940000
2021-05-01,4232.60009765625,4238.0400390625,4128.58984375,4191.97998046875,21280680000
2021-05-08,4173.85009765625,4236.39013671875,4056.8798828125,4228.2900390625,22952900000
2021-05-15,4155.85986328125,4188.72021484375,4061.409912109375,4169.919921875,20744780000
2021-05-22,4204.10986328125,4218.35986328125,4170.16015625,4170.16015625,23343500000
2021-05-29,4229.89013671875,4234.1201171875,4167.93017578125,4216.52001953125,20636100000
2021-06-05,4247.43994140625,4249.740234375,4208.41015625,4229.33984375,22073020000
2021-06-12,4166.4501953125,4257.16015625,4164.39990234375,4248.31005859375,24868180000
2021-06-19,4280.7001953125,4286.1201171875,4173.39990234375,4173.39990234375,22845800000
2021-06-26,4352.33984375,4355.43017578125,4274.669921875,4284.89990234375,19135150000
2021-07-03,4369.5498046875,4371.60009765625,4289.3701171875,4356.4599609375,16225570000
2021-07-10,4327.16015625,4393.68017578125,4322.52978515625,4372.41015625,18977190000
2021-07-17,4411.7900390625,4415.18017578125,4233.1298828125,4296.39990234375,21304580000
2021-07-24,4395.259765625,4429.97021484375,4372.509765625,4409.580078125,20734210000
2021-07-31,4436.52001953125,4440.81982421875,4373.0,4406.85986328125,19171320000
2021-08-07,4468.0,4468.3701171875,4424.740234375,4437.77001953125,17260230000
2021-08-14,4441.669921875,4480.259765625,4367.72998046875,4461.64990234375,19014210000
2021-08-21,4509.3701171875,4513.330078125,4450.2900390625,4450.2900390625,17595630000
2021-08-28,4535.43017578125,4545.85009765625,4513.759765625,4513.759765625,18470230000
2021-09-04,4458.580078125,4535.3798828125,4457.66015625,4535.3798828125,14932410000
2021-09-11,4432.990234375,4492.990234375,4427.759765625,4474.81005859375,22890790000
2021-09-18,4455.47998046875,4465.39990234375,4305.91015625,4402.9501953125,20058800000
2021-09-25,4357.0400390625,4457.2998046875,4288.52001953125,4442.1201171875,20646370000
2021-10-02,4391.33984375,4429.97021484375,4278.93994140625,4348.83984375,19344290000
2021-10-09,4471.3701171875,4475.81982421875,4329.919921875,4385.43994140625,17878150000
2021-10-16,4544.89990234375,4559.669921875,4447.47021484375,4463.72021484375,18372450000
2021-10-23,4605.3798828125,4608.080078125,4537.35986328125,4553.68994140625,20648340000
2021-10-30,4697.52978515625,4718.5,4595.06005859375,4610.6201171875,21195930000
2021-11-06,4682.85009765625,4714.919921875,4630.85986328125,4701.47998046875,20545980000
2021-11-13,4697.9599609375,4717.75,4672.77978515625,4689.2998046875,19909710000
2021-11-20,4594.6201171875,4743.830078125,4585.43017578125,4712.0,15654820000
2021-11-27,4538.43017578125,4672.9501953125,4495.1201171875,4628.75,26646380000
2021-12-04,4712.02001953125,4713.56982421875,4540.509765625,4548.3701171875,21271750000
2021-12-11,4620.64013671875,4731.990234375,4600.22021484375,4710.2998046875,26609380000
2021-12-18,4725.7900390625,4740.740234375,4531.10009765625,4587.89990234375,14940780000
2021-12-25,4766.18017578125,4808.93017578125,4733.990234375,4733.990234375,14244290000
2022-01-01,4677.02978515625,4818.6201171875,4662.740234375,4778.14013671875,21878940000
2022-01-08,4662.85009765625,4748.830078125,4582.240234375,4655.33984375,21251840000
2022-01-15,4397.93994140625,4632.240234375,4395.33984375,4632.240234375,19444410000
2022-01-22,4431.85009765625,4453.22998046875,4222.6201171875,4356.31982421875,27889090000
2022-01-29,4500.52978515625,4595.31005859375,4414.02001953125,4431.7900390625,23505280000
2022-02-05,4418.64013671875,4590.02978515625,4401.41015625,4505.75,23778810000
2022-02-12,4348.8701171875,4489.5498046875,4327.22021484375,4412.60986328125,22562340000
2022-02-19,4384.64990234375,4385.33984375,4114.64990234375,4332.740234375,21848520000
2022-02-26,4328.8701171875,4416.77978515625,4279.5400390625,4354.169921875,28092740000
2022-03-05,4204.31005859375,4327.009765625,4157.8701171875,4327.009765625,29765730000
2022-03-12,4463.1201171875,4465.39990234375,4161.72021484375,4202.75,30540660000
2022-03-19,4543.06005859375,4546.02978515625,4424.2998046875,4462.39990234375,22611740000
2022-03-26,4545.85986328125,4637.2998046875,4507.56982421875,4541.08984375,23169700000
2022-04-02,4488.27978515625,4593.4501953125,4450.0400390625,4547.97021484375,23239490000
2022-04-09,4392.58984375,4471.0,4381.33984375,4462.64013671875,16329620000
2022-04-16,4271.77978515625,4512.93994140625,4267.6201171875,4385.6298828125,21597890000
2022-04-23,4131.93017578125,4308.4501953125,4124.27978515625,4255.33984375,24637900000
2022-04-30,4123.33984375,4307.66015625,4062.510009765625,4130.60986328125,25076170000
2022-05-07,4023.889892578125,4081.27001953125,3858.8701171875,4081.27001953125,29126270000
2022-05-14,3901.360107421875,4090.719970703125,3810.320068359375,4013.02001953125,24603940000
2022-05-21,4158.240234375,4158.490234375,3875.1298828125,3919.419921875,23231370000
2022-05-28,4108.5400390625,4177.509765625,4073.85009765625,4151.08984375,19471340000
2022-06-04,3900.860107421875,4168.77978515625,3900.159912109375,4134.72021484375,21764190000
2022-06-11,3674.840087890625,3838.14990234375,3636.8701171875,3838.14990234375,30486930000
2022-06-18,3911.739990234375,3913.64990234375,3715.31005859375,3715.31005859375,23570150000
2022-06-25,3825.330078125,3945.860107421875,3738.669921875,3920.760009765625,21693690000
2022-07-02,3899.3798828125,3918.5,3742.06005859375,3792.610107421875,17073700000
2022-07-09,3863.159912109375,3880.93994140625,3721.56005859375,3880.93994140625,19693570000
2022-07-16,3961.6298828125,4012.43994140625,3818.6298828125,3883.7900390625,20385270000
2022-07-23,4130.2900390625,4140.14990234375,3910.739990234375,3965.719970703125,20488830000
2022-07-30,4145.18994140625,4167.66015625,4079.81005859375,4112.3798828125,21651540000
2022-08-06,4280.14990234375,4280.47021484375,4112.08984375,4155.93017578125,21098400000
2022-08-13,4228.47998046875,4325.27978515625,4218.7001953125,4269.3701171875,19013350000
2022-08-20,4057.659912109375,4203.0400390625,4057.659912109375,4195.080078125,18714200000
2022-08-27,3924.260009765625,4062.989990234375,3903.64990234375,4034.580078125,19592960000
2022-09-03,4067.360107421875,4076.81005859375,3886.75,3930.889892578125,15886450000
2022-09-10,3873.330078125,4119.27978515625,3837.080078125,4083.669921875,24728470000
2022-09-17,3693.22998046875,3907.070068359375,3647.469970703125,3849.909912109375,21332100000
2022-09-24,3585.6201171875,3736.739990234375,3584.1298828125,3682.719970703125,24475900000
2022-10-01,3639.659912109375,3806.909912109375,3604.929931640625,3609.780029296875,22948200000
2022-10-08,3583.070068359375,3712.0,3491.580078125,3647.510009765625,21864890000
2022-10-15,3752.75,3762.7900390625,3638.64990234375,3638.64990234375,22634960000
2022-10-22,3901.06005859375,3905.419921875,3741.64990234375,3762.010009765625,23555090000
2022-10-29,3770.550048828125,3911.7900390625,3698.14990234375,3881.85009765625,24226300000
2022-11-05,3992.929931640625,4001.47998046875,3744.219970703125,3780.7099609375,24968840000
2022-11-12,3965.340087890625,4028.840087890625,3906.5400390625,3977.969970703125,21831700000
2022-11-19,4026.1201171875,4034.02001953125,3933.340087890625,3956.22998046875,12724860000
2022-11-26,4071.699951171875,4100.509765625,3937.64990234375,4005.360107421875,22280580000
2022-12-03,3934.3798828125,4052.449951171875,3918.389892578125,4052.02001953125,20662410000
2022-12-10,3852.360107421875,4100.9599609375,3827.909912109375,3939.2900390625,25443390000
2022-12-17,3844.820068359375,3889.820068359375,3764.489990234375,3853.7900390625,18506410000
2022-12-24,3839.5,3858.18994140625,3780.780029296875,3843.340087890625,12097370000
2022-12-31,3895.080078125,3906.18994140625,3794.330078125,3853.2900390625,16190230000
2023-01-07,3999.090087890625,4003.949951171875,3877.2900390625,3910.820068359375,20846120000
2023-01-14,3972.610107421875,4015.389892578125,3885.5400390625,3999.280029296875,16539130000
2023-01-21,4070.56005859375,4094.2099609375,3949.06005859375,3978.139892578125,18707010000
2023-01-28,4136.47998046875,4195.43994140625,4015.550048828125,4049.27001953125,23657120000
2023-02-04,4090.4599609375,4176.5400390625,4060.7900390625,4119.56982421875,20661640000
2023-02-11,4079.090087890625,4159.77001953125,4047.949951171875,4096.6201171875,19642940000
2023-02-18,3970.0400390625,4052.35009765625,3943.080078125,4052.35009765625,16031550000
2023-02-25,4045.639892578125,4048.2900390625,3928.159912109375,3992.360107421875,21459460000
2023-03-04,3861.590087890625,4078.489990234375,3846.320068359375,4055.14990234375,21422390000
2023-03-11,3916.639892578125,3964.4599609375,3808.860107421875,3835.1201171875,33867970000
2023-03-18,3970.989990234375,4039.489990234375,3909.159912109375,3917.469970703125,24375960000
2023-03-25,4109.31005859375,4110.75,3951.530029296875,3982.929931640625,20849370000
2023-04-01,4105.02001953125,4133.1298828125,4069.840087890625,4102.2001953125,15917210000
2023-04-08,4137.64013671875,4163.18994140625,4072.550048828125,4085.199951171875,17894880000
2023-04-15,4133.52001953125,4169.47998046875,4113.85986328125,4137.169921875,18104210000
2023-04-22,4169.47998046875,4170.06005859375,4049.35009765625,4132.06982421875,18944960000
2023-04-29,4136.25,4186.919921875,4048.280029296875,4166.7900390625,21160370000
2023-05-06,4124.080078125,4154.27978515625,4098.919921875,4136.97998046875,18795580000
2023-05-13,4191.97998046875,4212.91015625,4109.85986328125,4126.64990234375,19277850000
2023-05-20,4205.4501953125,4212.8701171875,4103.97998046875,4190.77978515625,15747060000
2023-05-27,4282.3701171875,4290.669921875,4166.14990234375,4226.7099609375,19055240000
2023-06-03,4298.85986328125,4322.6201171875,4261.06982421875,4282.990234375,19960900000
2023-06-10,4409.58984375,4448.47021484375,4304.3701171875,4308.31982421875,23498470000
2023-06-17,4348.330078125,4400.14990234375,4341.33984375,4396.10986328125,17329740000
2023-06-24,4450.3798828125,4458.47998046875,4328.080078125,4344.83984375,18347970000
2023-07-01,4398.9501953125,4456.4599609375,4385.0498046875,4450.47998046875,12829400000
2023-07-08,4505.419921875,4527.759765625,4389.919921875,4394.22998046875,18461090000
2023-07-15,4536.33984375,4578.43017578125,4504.89990234375,4508.85986328125,19075880000
2023-07-22,4582.22998046875,4607.06982421875,4528.56005859375,4543.39013671875,20193230000
2023-07-29,4478.02978515625,4594.22021484375,4474.5498046875,4584.81982421875,21109110000
2023-08-05,4464.0498046875,4527.3701171875,4443.97998046875,4491.580078125,19439590000
2023-08-12,4369.7099609375,4490.330078125,4335.31005859375,4458.1298828125,19366670000
2023-08-19,4405.7099609375,4458.2998046875,4356.2900390625,4380.27978515625,18106530000
2023-08-26,4515.77001953125,4541.25,4414.97998046875,4426.02978515625,16568780000
2023-09-02,4457.490234375,4514.2900390625,4430.4599609375,4510.06005859375,13968150000
2023-09-09,4450.31982421875,4511.990234375,4447.2099609375,4480.97998046875,20916040000
2023-09-16,4320.06005859375,4466.35986328125,4316.490234375,4445.1298828125,17096470000
2023-09-23,4288.0498046875,4338.509765625,4238.6298828125,4310.6201171875,18256060000
2023-09-30,4308.5,4324.10009765625,4216.4501953125,4284.52001953125,19153590000
2023-10-07,4327.77978515625,4385.85009765625,4283.7900390625,4289.02001953125,17576230000
2023-10-14,4224.16015625,4393.56982421875,4223.02978515625,4342.3701171875,18864600000
2023-10-21,4117.3701171875,4259.3798828125,4103.77978515625,4210.39990234375,19764430000
2023-10-28,4358.33984375,4373.6201171875,4132.93994140625,4139.39013671875,21626250000
2023-11-04,4415.240234375,4418.02978515625,4343.93994140625,4364.27001953125,18742940000
2023-11-11,4514.02001953125,4521.169921875,4393.81982421875,4406.66015625,20115520000
2023-11-18,4559.33984375,4568.43017578125,4510.35986328125,4511.7001953125,11838180000
2023-11-25,4594.6298828125,4599.39013671875,4537.240234375,4554.85986328125,21205410000
2023-12-02,4604.3701171875,4609.22998046875,4546.5,4564.3701171875,20051430000
2023-12-09,4719.18994140625,4738.56982421875,4593.39013671875,4593.39013671875,27228260000
2023-12-16,4754.6298828125,4778.009765625,4697.81982421875,4725.580078125,18766580000
2023-12-23,4769.830078125,4793.2998046875,4751.990234375,4758.85986328125,11087280000
2023-12-30,4697.240234375,4754.330078125,4682.10986328125,4745.2001953125,15253660000
2024-01-06,4783.830078125,4802.39990234375,4699.81982421875,4703.7001953125,18017190000
2024-01-13,4839.81005859375,4842.06982421875,4714.81982421875,4772.35009765625,16495350000
2024-01-20,4890.97021484375,4906.68994140625,4844.0498046875,4853.419921875,19914270000
2024-01-27,4958.60986328125,4975.2900390625,4845.14990234375,4892.9501953125,20417850000
2024-02-03,5026.60986328125,5030.06005859375,4918.08984375,4957.18994140625,21614960000
2024-02-10,5005.56982421875,5048.39013671875,4920.31005859375,5026.830078125,19924770000
2024-02-17,5088.7998046875,5111.06005859375,4946.0,4989.31982421875,15547770000
2024-02-24,5137.080078125,5140.330078125,5057.2900390625,5093.0,21367100000
2024-03-02,5123.68994140625,5189.259765625,5056.81982421875,5130.990234375,22082750000
2024-03-09,5117.08984375,5179.8701171875,5091.14013671875,5111.9599609375,24701470000
2024-03-16,5234.18017578125,5261.10009765625,5131.58984375,5154.77001953125,19715260000
2024-03-23,5254.35009765625,5264.85009765625,5203.419921875,5219.52001953125,15051920000
2024-03-30,5204.33984375,5263.9501953125,5146.06005859375,5257.97021484375,18378230000
2024-04-06,5123.41015625,5224.81005859375,5107.93994140625,5211.3701171875,17997390000
2024-04-13,4967.22998046875,5168.43017578125,4953.56005859375,5149.669921875,19051050000
2024-04-20,5099.9599609375,5114.6201171875,4969.39990234375,4987.330078125,18790580000
2024-04-27,5127.7900390625,5139.1201171875,5011.0498046875,5114.1298828125,20380740000
2024-05-04,5222.68017578125,5239.66015625,5142.419921875,5142.419921875,18858510000
2024-05-11,5303.27001953125,5325.490234375,5211.16015625,5233.080078125,20775690000
2024-05-18,5304.72021484375,5341.8798828125,5256.93017578125,5305.35009765625,17804500000
2024-05-25,5277.509765625,5315.91015625,5191.68017578125,5315.91015625,16560200000
2024-06-01,5346.990234375,5375.080078125,5234.31982421875,5297.14990234375,18649030000
2024-06-08,5431.60009765625,5447.25,5327.25,5341.22021484375,18122180000
2024-06-15,5464.6201171875,5505.52978515625,5420.39990234375,5431.10986328125,17613030000
2024-06-22,5460.47998046875,5523.64013671875,5446.56005859375,5459.580078125,21641380000
2024-06-29,5567.18994140625,5570.330078125,5446.52978515625,5471.080078125,12251260000
2024-07-06,5615.35009765625,5655.56005859375,5562.509765625,5572.75,17475920000
2024-07-13,5505.0,5669.669921875,5497.0400390625,5638.16015625,19676760000
2024-07-20,5459.10009765625,5585.33984375,5390.9501953125,5544.5400390625,19051830000
2024-07-27,5346.56005859375,5566.16015625,5302.02978515625,5476.5498046875,21564690000
2024-08-03,5344.16015625,5358.669921875,5119.259765625,5151.14013671875,22114930000
2024-08-10,5554.25,5561.97998046875,5324.3701171875,5351.8798828125,17470190000
2024-08-17,5634.60986328125,5643.22021484375,5550.740234375,5557.22998046875,15609610000
2024-08-24,5648.39990234375,5651.6201171875,5560.9501953125,5639.66015625,16042500000
2024-08-31,5408.419921875,5623.89013671875,5402.6201171875,5623.89013671875,14688940000
2024-09-07,5626.02001953125,5636.27001953125,5406.9599609375,5442.06982421875,18669430000
2024-09-14,5702.5498046875,5733.56982421875,5604.52978515625,5615.2099609375,22463850000
2024-09-21,5738.169921875,5767.3701171875,5698.990234375,5711.89990234375,19316880000
2024-09-28,5751.06982421875,5765.14013671875,5674.0,5726.52001953125,19356810000
2024-10-05,5815.02978515625,5822.1298828125,5686.85009765625,5737.7998046875,17099040000
2024-10-12,5864.669921875,5878.4599609375,5804.47998046875,5829.81005859375,17209100000
2024-10-19,5808.1201171875,5866.919921875,5762.41015625,5857.81982421875,17326050000
2024-10-26,5728.7998046875,5850.93994140625,5702.85986328125,5833.93017578125,19643610000
2024-11-02,5995.5400390625,6012.4501953125,5696.509765625,5725.14990234375,23292380000
2024-11-09,5870.6201171875,6017.31005859375,5853.009765625,6008.85986328125,21572110000
2024-11-16,5969.33984375,5972.89990234375,5855.2900390625,5874.169921875,20164960000
2024-11-23,6032.3798828125,6044.169921875,5963.91015625,5992.27978515625,15276080000
2024-11-30,6090.27001953125,6099.97021484375,6033.39013671875,6040.10986328125,20647710000
2024-12-07,6051.08984375,6092.58984375,6029.89013671875,6083.009765625,20137790000
2024-12-14,5930.85009765625,6085.18994140625,5832.2998046875,6063.7900390625,27302660000
2024-12-21,5970.83984375,6049.75,5902.56982421875,5940.25,11415140000
2024-12-28,5942.47021484375,5949.33984375,5829.52978515625,5920.669921875,13850620000
2025-01-04,5827.0400390625,6021.0400390625,5807.77978515625,5982.81005859375,18651120000
2025-01-11,5996.66015625,6014.9599609375,5773.31005859375,5782.02001953125,21760690000
2025-01-18,6101.240234375,6128.18017578125,6006.8798828125,6014.1201171875,17672460000
2025-01-25,6040.52978515625,6120.91015625,5962.919921875,5969.0400390625,23266090000
2025-02-01,6025.990234375,6101.27978515625,5923.93017578125,5969.64990234375,23577640000
2025-02-08,6114.6298828125,6127.47021484375,6003.0,6046.39990234375,22510590000
2025-02-15,6013.1298828125,6147.43017578125,6008.56005859375,6121.60009765625,19495560000
2025-02-22,5954.5,6043.64990234375,5837.66015625,6026.68994140625,26733210000
2025-03-01,5770.2001953125,5986.08984375,5666.2900390625,5968.330078125,27908150000
2025-03-08,5638.93994140625,5705.3701171875,5504.64990234375,5705.3701171875,27732600000
2025-03-15,5667.56005859375,5715.330078125,5597.759765625,5635.60009765625,28404010000
2025-03-22,5580.93994140625,5786.9501953125,5572.419921875,5718.080078125,22085260000
2025-03-29,5074.080078125,5695.31005859375,5069.89990234375,5527.91015625,29999550000
2025-04-05,5363.35986328125,5481.33984375,4835.0400390625,4953.7900390625,37869410000
2025-04-12,5282.7001953125,5459.4599609375,5220.7900390625,5441.9599609375,18671180000
2025-04-19,5525.2099609375,5528.10986328125,5101.6298828125,5232.93994140625,23198970000
2025-04-26,5686.669921875,5700.7001953125,5433.240234375,5529.22021484375,24244170000
2025-05-03,5659.91015625,5720.10009765625,5578.64013671875,5655.31982421875,24335450000
2025-05-10,5958.3798828125,5958.6201171875,5786.080078125,5807.2001953125,26606460000
2025-05-17,5802.81982421875,5968.60986328125,5767.41015625,5902.8798828125,23634980000
2025-05-24,5911.68994140625,5943.1298828125,5843.66015625,5854.06982421875,20979720000
2025-05-31,6000.35986328125,6016.8701171875,5861.43017578125,5896.68017578125,24073530000
2025-06-07,5976.97021484375,6059.39990234375,5963.2099609375,6004.6298828125,24565200000
2025-06-14,5967.83984375,6050.830078125,5952.56005859375,6004.0,22625380000
2025-06-21,6173.06982421875,6187.68017578125,5943.22998046875,5969.669921875,29409290000
2025-06-28,6279.35009765625,6284.64990234375,6174.97021484375,6193.35986328125,21082030000
2025-07-05,6259.75,6290.22021484375,6201.0,6259.0400390625,25812670000
2025-07-12,6296.7900390625,6315.60986328125,6201.58984375,6255.14990234375,25730370000
2025-07-19,6388.64013671875,6395.81982421875,6281.7099609375,6304.740234375,26068830000
2025-07-26,6238.009765625,6427.02001953125,6212.68994140625,6397.68994140625,26921040000
2025-08-02,6389.4501953125,6395.16015625,6271.7099609375,6271.7099609375,25844550000
2025-08-09,6449.7998046875,6481.33984375,6364.06005859375,6389.669921875,24020760000
2025-08-16,6466.91015625,6478.89013671875,6343.85986328125,6445.02001953125,22070540000
2025-08-23,6460.259765625,6508.22998046875,6429.2099609375,6457.669921875,21589030000
2025-08-30,6481.5,6532.64990234375,6360.580078125,6401.509765625,18986250000
2025-09-06,6584.2900390625,6600.2099609375,6483.080078125,6498.08984375,25330960000
2025-09-13,6664.35986328125,6671.81982421875,6551.14990234375,6603.490234375,30628230000
2025-09-20,6643.7001953125,6699.52001953125,6569.22021484375,6654.27978515625,27713200000
2025-09-27,6715.7900390625,6750.8701171875,6641.0,6661.580078125,28583160000
2025-10-04,6552.509765625,6764.580078125,6550.77978515625,6733.85986328125,28515370000
2025-10-11,6664.009765625,6724.1201171875,6555.06982421875,6622.52978515625,28010240000
2025-10-18,6791.68994140625,6807.10986328125,6655.68994140625,6690.0498046875,26251170000
2025-10-25,6840.2001953125,6920.33984375,6814.259765625,6845.4599609375,29717690000
2025-11-01,6728.7998046875,6882.31982421875,6631.43994140625,6882.31982421875,29722800000
2025-11-08,6734.10986328125,6869.91015625,6646.8701171875,6785.35986328125,26159530000
2025-11-15,6602.990234375,6770.35009765625,6521.919921875,6713.60986328125,26911230000
2025-11-22,6849.08984375,6850.85986328125,6630.7001953125,6636.5400390625,18086610000
